run_id,source,archive,source_sha256,line_start,line_end,code_revision,machine_label,dataset,seed,prefix,kind,tasks_with_metrics,planned_tasks,status,config_fingerprint,average_accuracy,last_accuracy,old_accuracy,new_accuracy,forgetting,task0_accuracy,total_seconds,selected_config
"9b5374cb02e3-R001","/Users/luxiaogen/Desktop/loda_logs/9-13/9_13_qk0_qv_t10.log","docs/experiments/raw/experiments/2026.09.26_实验查重_DM-B-260926-006/9b5374cb02_9_13_qk0_qv_t10.log","9b5374cb02e3c644d2876f562791af565adbfbf0b9fab3075fe656b21df89594","50","335","004dfc8","","ImageNet_R","1993","imgr10_qk0_task0_seed1993_qv_after_task0_20260913_135557_uskHiB","Task0_only","1","1","metrics_complete","a8c74f7c7c020c8d087e800992f8b96b7c49e548d4a15b82a453ad1fa41d573a","94.05","94.05","0","94.05","","94.05","239.08","{""init_epoch"":20,""epochs"":20,""init_lr"":0.02,""lrate"":0.02,""ca_epochs"":5,""dual_mask_anchor_reg_weight"":10,""dual_mask_reg_weight"":0.01,""dual_mask_conflict_reg_enabled"":false,""dual_mask_conflict_ratio"":0.1,""dual_mask_conflict_strength"":0.5,""dual_mask_conflict_energy_adaptive"":true,""dual_mask_conflict_old_overlap_adaptive"":true,""dual_mask_private_conflict_mode"":""global"",""dual_mask_private_rank"":0}"
"9b5374cb02e3-R002","/Users/luxiaogen/Desktop/loda_logs/9-13/9_13_qk0_qv_t10.log","docs/experiments/raw/experiments/2026.09.26_实验查重_DM-B-260926-006/9b5374cb02_9_13_qk0_qv_t10.log","9b5374cb02e3c644d2876f562791af565adbfbf0b9fab3075fe656b21df89594","335","1640","004dfc8","","ImageNet_R","1993","imgr10_qk0_qkv_baseline_seed1993_qv_after_task0_20260913_135557_uskHiB","T10","10","10","metrics_complete","88eaa190eba734e4fe613db8d55bb229e4a72450c40f4d7f1286e227838a2309","85.96","82","81.61","85.66","5.5967","94.05","2617.91","{""init_epoch"":20,""epochs"":20,""init_lr"":0.02,""lrate"":0.02,""ca_epochs"":5,""dual_mask_anchor_reg_weight"":10,""dual_mask_reg_weight"":0.01,""dual_mask_conflict_reg_enabled"":false,""dual_mask_conflict_ratio"":0.1,""dual_mask_conflict_strength"":0.5,""dual_mask_conflict_energy_adaptive"":true,""dual_mask_conflict_old_overlap_adaptive"":true,""dual_mask_private_conflict_mode"":""global"",""dual_mask_private_rank"":0}"
"9b5374cb02e3-R003","/Users/luxiaogen/Desktop/loda_logs/9-13/9_13_qk0_qv_t10.log","docs/experiments/raw/experiments/2026.09.26_实验查重_DM-B-260926-006/9b5374cb02_9_13_qk0_qv_t10.log","9b5374cb02e3c644d2876f562791af565adbfbf0b9fab3075fe656b21df89594","1640","2934","004dfc8","","ImageNet_R","1993","imgr10_qk0_qv_after_task0_seed1993_qv_after_task0_20260913_135557_uskHiB","T10","10","10","metrics_complete","42bed6c3b576aa411933764682a69b323ee0241afffd4578eea956547debbf5c","85.81599999999999","81.57","81.28","84.28","5.5311","94.05","2649.94","{""init_epoch"":20,""epochs"":20,""init_lr"":0.02,""lrate"":0.02,""ca_epochs"":5,""dual_mask_anchor_reg_weight"":10,""dual_mask_reg_weight"":0.01,""dual_mask_conflict_reg_enabled"":false,""dual_mask_conflict_ratio"":0.1,""dual_mask_conflict_strength"":0.5,""dual_mask_conflict_energy_adaptive"":true,""dual_mask_conflict_old_overlap_adaptive"":true,""dual_mask_private_conflict_mode"":""global"",""dual_mask_private_rank"":0}"
"e022c0331864-R001","/Users/luxiaogen/Desktop/loda_logs/9-13/9_13_qv_after_task0_t10_from_scratch.log","docs/experiments/raw/experiments/2026.09.26_实验查重_DM-B-260926-006/e022c03318_9_13_qv_after_task0_t10_from_scratch.log","e022c0331864ba8ecf822d039043e56230fe4f567e11e315ea583545e2133696","38","1052","57032f8","","ImageNet_R","1993","imgr10_qkv_full_seed1993_qv_after_task0_20260913_160126_p7Mn9R","T10","10","10","metrics_complete","0356e8ef3768f72439c3a40a72bd4493d3608d965f5b7c8495da3641b19071c7","86.939","82.52","82.16","85.84","5.39","96.23","2908.89","{""init_epoch"":20,""epochs"":20,""init_lr"":0.02,""lrate"":0.02,""ca_epochs"":5,""dual_mask_anchor_reg_weight"":10,""dual_mask_reg_weight"":0.01,""dual_mask_conflict_reg_enabled"":false,""dual_mask_conflict_ratio"":0.1,""dual_mask_conflict_strength"":0.5,""dual_mask_conflict_energy_adaptive"":true,""dual_mask_conflict_old_overlap_adaptive"":true,""dual_mask_private_conflict_mode"":""global"",""dual_mask_private_rank"":0}"
"e022c0331864-R002","/Users/luxiaogen/Desktop/loda_logs/9-13/9_13_qv_after_task0_t10_from_scratch.log","docs/experiments/raw/experiments/2026.09.26_实验查重_DM-B-260926-006/e022c03318_9_13_qv_after_task0_t10_from_scratch.log","e022c0331864ba8ecf822d039043e56230fe4f567e11e315ea583545e2133696","1052","2055","57032f8","","ImageNet_R","1993","imgr10_qkv0_qv_after_task0_seed1993_qv_after_task0_20260913_160126_p7Mn9R","T10","10","10","metrics_complete","9173d78617f80b79d95ea230f1a0d9e49c69f9700e79bc110612ebf987abf8bd","86.92999999999999","82.28","81.96","85.32","5.4844","96.81","2888.03","{""init_epoch"":20,""epochs"":20,""init_lr"":0.02,""lrate"":0.02,""ca_epochs"":5,""dual_mask_anchor_reg_weight"":10,""dual_mask_reg_weight"":0.01,""dual_mask_conflict_reg_enabled"":false,""dual_mask_conflict_ratio"":0.1,""dual_mask_conflict_strength"":0.5,""dual_mask_conflict_energy_adaptive"":true,""dual_mask_conflict_old_overlap_adaptive"":true,""dual_mask_private_conflict_mode"":""global"",""dual_mask_private_rank"":0}"
"7d16ca3e2140-R001","/Users/luxiaogen/Desktop/loda_logs/9-14/9_13_lora_inherit_3090.log","docs/experiments/raw/experiments/2026.09.26_实验查重_DM-B-260926-006/7d16ca3e21_9_13_lora_inherit_3090.log","7d16ca3e21408a34ad9295df6e70f3e078705700fd1d41314d61a8e797b9b4c2","36","1047","","3090","CUB","1993","cub10_fresh_seed1993_20260913_222029","T10","10","10","metrics_complete","4f67b70cc4a1b9d3d8ff891f10ccfdcf1e5cb166a3ea81cd8a5955d10ff89d2c","93.63","90.25","90.51","87.83","4.2933","97.98","1995.28","{""init_epoch"":20,""epochs"":20,""init_lr"":0.005,""lrate"":0.005,""ca_epochs"":5,""dual_mask_anchor_reg_weight"":10,""dual_mask_reg_weight"":0.01,""dual_mask_conflict_reg_enabled"":false,""dual_mask_conflict_ratio"":0.1,""dual_mask_conflict_strength"":0.5,""dual_mask_conflict_energy_adaptive"":true,""dual_mask_conflict_old_overlap_adaptive"":true,""dual_mask_private_conflict_mode"":""global"",""dual_mask_private_rank"":0}"
"7d16ca3e2140-R002","/Users/luxiaogen/Desktop/loda_logs/9-14/9_13_lora_inherit_3090.log","docs/experiments/raw/experiments/2026.09.26_实验查重_DM-B-260926-006/7d16ca3e21_9_13_lora_inherit_3090.log","7d16ca3e21408a34ad9295df6e70f3e078705700fd1d41314d61a8e797b9b4c2","1047","2274","","3090","CUB","1993","cub10_inherit_seed1993_20260913_222029","T10","10","10","metrics_complete","af28e35a21a084ffdd6aed646f478b4573d4e0acf10dad08e2ba96d7085aba56","93.66100000000002","89.95","90.13","88.26","4.7289","98.38","1929.52","{""init_epoch"":20,""epochs"":20,""init_lr"":0.005,""lrate"":0.005,""ca_epochs"":5,""dual_mask_anchor_reg_weight"":10,""dual_mask_reg_weight"":0.01,""dual_mask_conflict_reg_enabled"":false,""dual_mask_conflict_ratio"":0.1,""dual_mask_conflict_strength"":0.5,""dual_mask_conflict_energy_adaptive"":true,""dual_mask_conflict_old_overlap_adaptive"":true,""dual_mask_private_conflict_mode"":""global"",""dual_mask_private_rank"":0}"
"7d16ca3e2140-R003","/Users/luxiaogen/Desktop/loda_logs/9-14/9_13_lora_inherit_3090.log","docs/experiments/raw/experiments/2026.09.26_实验查重_DM-B-260926-006/7d16ca3e21_9_13_lora_inherit_3090.log","7d16ca3e21408a34ad9295df6e70f3e078705700fd1d41314d61a8e797b9b4c2","2274","3285","","3090","CUB","1996","cub10_fresh_seed1996_20260913_222029","T10","10","10","metrics_complete","5a19657b2b3486b974948a7b5957dd4d13c059903538018eda21d664b26f00e1","94.62100000000001","90.2","90.93","83.82","4.1589","100","1928.53","{""init_epoch"":20,""epochs"":20,""init_lr"":0.005,""lrate"":0.005,""ca_epochs"":5,""dual_mask_anchor_reg_weight"":10,""dual_mask_reg_weight"":0.01,""dual_mask_conflict_reg_enabled"":false,""dual_mask_conflict_ratio"":0.1,""dual_mask_conflict_strength"":0.5,""dual_mask_conflict_energy_adaptive"":true,""dual_mask_conflict_old_overlap_adaptive"":true,""dual_mask_private_conflict_mode"":""global"",""dual_mask_private_rank"":0}"
"7d16ca3e2140-R004","/Users/luxiaogen/Desktop/loda_logs/9-14/9_13_lora_inherit_3090.log","docs/experiments/raw/experiments/2026.09.26_实验查重_DM-B-260926-006/7d16ca3e21_9_13_lora_inherit_3090.log","7d16ca3e21408a34ad9295df6e70f3e078705700fd1d41314d61a8e797b9b4c2","3285","4511","","3090","CUB","1996","cub10_inherit_seed1996_20260913_222029","T10","10","10","metrics_complete","66c1f3246936a423a16ff7889d56c6d1576751fd4d212593ba8db4945475e70a","94.519","89.99","90.55","85.06","4.5856","100","1931.42","{""init_epoch"":20,""epochs"":20,""init_lr"":0.005,""lrate"":0.005,""ca_epochs"":5,""dual_mask_anchor_reg_weight"":10,""dual_mask_reg_weight"":0.01,""dual_mask_conflict_reg_enabled"":false,""dual_mask_conflict_ratio"":0.1,""dual_mask_conflict_strength"":0.5,""dual_mask_conflict_energy_adaptive"":true,""dual_mask_conflict_old_overlap_adaptive"":true,""dual_mask_private_conflict_mode"":""global"",""dual_mask_private_rank"":0}"
"7d16ca3e2140-R005","/Users/luxiaogen/Desktop/loda_logs/9-14/9_13_lora_inherit_3090.log","docs/experiments/raw/experiments/2026.09.26_实验查重_DM-B-260926-006/7d16ca3e21_9_13_lora_inherit_3090.log","7d16ca3e21408a34ad9295df6e70f3e078705700fd1d41314d61a8e797b9b4c2","4511","5522","","3090","CUB","1997","cub10_fresh_seed1997_20260913_222029","T10","10","10","metrics_complete","32b655827e3f3a129d120391d4cfbad05a52fcc0c91424c11fe205f381d082b8","93.491","90.37","90.94","85.29","3.3278","96.55","1923.94","{""init_epoch"":20,""epochs"":20,""init_lr"":0.005,""lrate"":0.005,""ca_epochs"":5,""dual_mask_anchor_reg_weight"":10,""dual_mask_reg_weight"":0.01,""dual_mask_conflict_reg_enabled"":false,""dual_mask_conflict_ratio"":0.1,""dual_mask_conflict_strength"":0.5,""dual_mask_conflict_energy_adaptive"":true,""dual_mask_conflict_old_overlap_adaptive"":true,""dual_mask_private_conflict_mode"":""global"",""dual_mask_private_rank"":0}"
"7d16ca3e2140-R006","/Users/luxiaogen/Desktop/loda_logs/9-14/9_13_lora_inherit_3090.log","docs/experiments/raw/experiments/2026.09.26_实验查重_DM-B-260926-006/7d16ca3e21_9_13_lora_inherit_3090.log","7d16ca3e21408a34ad9295df6e70f3e078705700fd1d41314d61a8e797b9b4c2","5522","6738","","3090","CUB","1997","cub10_inherit_seed1997_20260913_222029","T10","10","10","metrics_complete","6f64060020e80ea606e9e125cd81c1276913c6934fb9b080cc04264aab5a6eac","93.411","89.95","90.47","85.29","4.1311","96.55","1927.41","{""init_epoch"":20,""epochs"":20,""init_lr"":0.005,""lrate"":0.005,""ca_epochs"":5,""dual_mask_anchor_reg_weight"":10,""dual_mask_reg_weight"":0.01,""dual_mask_conflict_reg_enabled"":false,""dual_mask_conflict_ratio"":0.1,""dual_mask_conflict_strength"":0.5,""dual_mask_conflict_energy_adaptive"":true,""dual_mask_conflict_old_overlap_adaptive"":true,""dual_mask_private_conflict_mode"":""global"",""dual_mask_private_rank"":0}"
"0de62e6f240b-R001","/Users/luxiaogen/Desktop/loda_logs/9-14/9_13_lora_inherit_5090.log","docs/experiments/raw/experiments/2026.09.26_实验查重_DM-B-260926-006/0de62e6f24_9_13_lora_inherit_5090.log","0de62e6f240bb7b3d9edba72fd6e0d9fa3872cdfcdadc1c5f471e20e79440211","37","1048","","5090","ImageNet_R","1993","imgr10_fresh_seed1993_20260913_222131","T10","10","10","metrics_complete","4030a9704f04c16fd0b2d758778ea97c329fb6b4e94243f8fad3c672af9508fd","87.019","82.5","82.09","86.36","5.5922","96.81","2782.75","{""init_epoch"":20,""epochs"":20,""init_lr"":0.02,""lrate"":0.02,""ca_epochs"":5,""dual_mask_anchor_reg_weight"":10,""dual_mask_reg_weight"":0.01,""dual_mask_conflict_reg_enabled"":false,""dual_mask_conflict_ratio"":0.1,""dual_mask_conflict_strength"":0.5,""dual_mask_conflict_energy_adaptive"":true,""dual_mask_conflict_old_overlap_adaptive"":true,""dual_mask_private_conflict_mode"":""global"",""dual_mask_private_rank"":0}"
"0de62e6f240b-R002","/Users/luxiaogen/Desktop/loda_logs/9-14/9_13_lora_inherit_5090.log","docs/experiments/raw/experiments/2026.09.26_实验查重_DM-B-260926-006/0de62e6f24_9_13_lora_inherit_5090.log","0de62e6f240bb7b3d9edba72fd6e0d9fa3872cdfcdadc1c5f471e20e79440211","1048","2277","","5090","ImageNet_R","1993","imgr10_inherit_seed1993_20260913_222131","T10","10","10","metrics_complete","9f2a817862e45def8ab30545a0215cca713d2cf67099683e056cd1e99c499a01","86.828","81.25","80.39","89.29","8.7033","96.52","2798.23","{""init_epoch"":20,""epochs"":20,""init_lr"":0.02,""lrate"":0.02,""ca_epochs"":5,""dual_mask_anchor_reg_weight"":10,""dual_mask_reg_weight"":0.01,""dual_mask_conflict_reg_enabled"":false,""dual_mask_conflict_ratio"":0.1,""dual_mask_conflict_strength"":0.5,""dual_mask_conflict_energy_adaptive"":true,""dual_mask_conflict_old_overlap_adaptive"":true,""dual_mask_private_conflict_mode"":""global"",""dual_mask_private_rank"":0}"
"0de62e6f240b-R003","/Users/luxiaogen/Desktop/loda_logs/9-14/9_13_lora_inherit_5090.log","docs/experiments/raw/experiments/2026.09.26_实验查重_DM-B-260926-006/0de62e6f24_9_13_lora_inherit_5090.log","0de62e6f240bb7b3d9edba72fd6e0d9fa3872cdfcdadc1c5f471e20e79440211","2277","3289","","5090","ImageNet_R","1996","imgr10_fresh_seed1996_20260913_222131","T10","10","10","metrics_complete","8a1cd1e1ff6fd469bcc62531fc8727c7edad8a0b62c886a4d7cf503360985364","86.43900000000001","81.93","81.34","87.17","7.3178","95","2799.47","{""init_epoch"":20,""epochs"":20,""init_lr"":0.02,""lrate"":0.02,""ca_epochs"":5,""dual_mask_anchor_reg_weight"":10,""dual_mask_reg_weight"":0.01,""dual_mask_conflict_reg_enabled"":false,""dual_mask_conflict_ratio"":0.1,""dual_mask_conflict_strength"":0.5,""dual_mask_conflict_energy_adaptive"":true,""dual_mask_conflict_old_overlap_adaptive"":true,""dual_mask_private_conflict_mode"":""global"",""dual_mask_private_rank"":0}"
"0de62e6f240b-R004","/Users/luxiaogen/Desktop/loda_logs/9-14/9_13_lora_inherit_5090.log","docs/experiments/raw/experiments/2026.09.26_实验查重_DM-B-260926-006/0de62e6f24_9_13_lora_inherit_5090.log","0de62e6f240bb7b3d9edba72fd6e0d9fa3872cdfcdadc1c5f471e20e79440211","3289","4516","","5090","ImageNet_R","1996","imgr10_inherit_seed1996_20260913_222131","T10","10","10","metrics_complete","5420bb0b3b82ef2d6df5df284bec4f03d67ecddf2a6e646229b257b3b697b929","85.913","80.83","79.82","89.8","10.5944","94.24","2805.52","{""init_epoch"":20,""epochs"":20,""init_lr"":0.02,""lrate"":0.02,""ca_epochs"":5,""dual_mask_anchor_reg_weight"":10,""dual_mask_reg_weight"":0.01,""dual_mask_conflict_reg_enabled"":false,""dual_mask_conflict_ratio"":0.1,""dual_mask_conflict_strength"":0.5,""dual_mask_conflict_energy_adaptive"":true,""dual_mask_conflict_old_overlap_adaptive"":true,""dual_mask_private_conflict_mode"":""global"",""dual_mask_private_rank"":0}"
"0de62e6f240b-R005","/Users/luxiaogen/Desktop/loda_logs/9-14/9_13_lora_inherit_5090.log","docs/experiments/raw/experiments/2026.09.26_实验查重_DM-B-260926-006/0de62e6f24_9_13_lora_inherit_5090.log","0de62e6f240bb7b3d9edba72fd6e0d9fa3872cdfcdadc1c5f471e20e79440211","4516","5530","","5090","ImageNet_R","1997","imgr10_fresh_seed1997_20260913_222131","T10","10","10","metrics_complete","d6bb662d95738d29ec4986afd1da4a417296822470cbfb1f7c113c83d057ffea","86.316","82.38","81.5","90.48","6.6","94.94","2790.67","{""init_epoch"":20,""epochs"":20,""init_lr"":0.02,""lrate"":0.02,""ca_epochs"":5,""dual_mask_anchor_reg_weight"":10,""dual_mask_reg_weight"":0.01,""dual_mask_conflict_reg_enabled"":false,""dual_mask_conflict_ratio"":0.1,""dual_mask_conflict_strength"":0.5,""dual_mask_conflict_energy_adaptive"":true,""dual_mask_conflict_old_overlap_adaptive"":true,""dual_mask_private_conflict_mode"":""global"",""dual_mask_private_rank"":0}"
"0de62e6f240b-R006","/Users/luxiaogen/Desktop/loda_logs/9-14/9_13_lora_inherit_5090.log","docs/experiments/raw/experiments/2026.09.26_实验查重_DM-B-260926-006/0de62e6f24_9_13_lora_inherit_5090.log","0de62e6f240bb7b3d9edba72fd6e0d9fa3872cdfcdadc1c5f471e20e79440211","5530","6756","","5090","ImageNet_R","1997","imgr10_inherit_seed1997_20260913_222131","T10","10","10","metrics_complete","0523c1d1658e93a17a885411f88a81eb5eb2c754bbb8810975eb71d56ea80cb5","86.084","81.33","80.17","92.01","9.9633","95.13","2803.89","{""init_epoch"":20,""epochs"":20,""init_lr"":0.02,""lrate"":0.02,""ca_epochs"":5,""dual_mask_anchor_reg_weight"":10,""dual_mask_reg_weight"":0.01,""dual_mask_conflict_reg_enabled"":false,""dual_mask_conflict_ratio"":0.1,""dual_mask_conflict_strength"":0.5,""dual_mask_conflict_energy_adaptive"":true,""dual_mask_conflict_old_overlap_adaptive"":true,""dual_mask_private_conflict_mode"":""global"",""dual_mask_private_rank"":0}"
"0de62e6f240b-R007","/Users/luxiaogen/Desktop/loda_logs/9-14/9_13_lora_inherit_5090.log","docs/experiments/raw/experiments/2026.09.26_实验查重_DM-B-260926-006/0de62e6f24_9_13_lora_inherit_5090.log","0de62e6f240bb7b3d9edba72fd6e0d9fa3872cdfcdadc1c5f471e20e79440211","6756","7768","","5090","ImageNet_A","1993","imga10_fresh_seed1993_20260913_222131","T10","10","10","metrics_complete","203070471b49e0f074ee8234e9623c00b478c7cadfc6e7b769108c76e36282a4","75.00899999999999","65.11","64.66","70.16","12.4733","87.43","816.95","{""init_epoch"":20,""epochs"":20,""init_lr"":0.01,""lrate"":0.01,""ca_epochs"":5,""dual_mask_anchor_reg_weight"":10,""dual_mask_reg_weight"":0.01,""dual_mask_conflict_reg_enabled"":false,""dual_mask_conflict_ratio"":0.1,""dual_mask_conflict_strength"":0.5,""dual_mask_conflict_energy_adaptive"":true,""dual_mask_conflict_old_overlap_adaptive"":true,""dual_mask_private_conflict_mode"":""global"",""dual_mask_private_rank"":0}"
"0de62e6f240b-R008","/Users/luxiaogen/Desktop/loda_logs/9-14/9_13_lora_inherit_5090.log","docs/experiments/raw/experiments/2026.09.26_实验查重_DM-B-260926-006/0de62e6f24_9_13_lora_inherit_5090.log","0de62e6f240bb7b3d9edba72fd6e0d9fa3872cdfcdadc1c5f471e20e79440211","7768","8997","","5090","ImageNet_A","1993","imga10_inherit_seed1993_20260913_222131","T10","10","10","metrics_complete","9f556c74363e3bc8a6afb625ae2b9dd83c62ea6448a2f6480223b8b2c343e64e","74.711","65.17","64.3","75","13.5967","87.43","835.85","{""init_epoch"":20,""epochs"":20,""init_lr"":0.01,""lrate"":0.01,""ca_epochs"":5,""dual_mask_anchor_reg_weight"":10,""dual_mask_reg_weight"":0.01,""dual_mask_conflict_reg_enabled"":false,""dual_mask_conflict_ratio"":0.1,""dual_mask_conflict_strength"":0.5,""dual_mask_conflict_energy_adaptive"":true,""dual_mask_conflict_old_overlap_adaptive"":true,""dual_mask_private_conflict_mode"":""global"",""dual_mask_private_rank"":0}"
"0de62e6f240b-R009","/Users/luxiaogen/Desktop/loda_logs/9-14/9_13_lora_inherit_5090.log","docs/experiments/raw/experiments/2026.09.26_实验查重_DM-B-260926-006/0de62e6f24_9_13_lora_inherit_5090.log","0de62e6f240bb7b3d9edba72fd6e0d9fa3872cdfcdadc1c5f471e20e79440211","8997","10010","","5090","ImageNet_A","1996","imga10_fresh_seed1996_20260913_222131","T10","10","10","metrics_complete","f73a6718cc13a5cf36abb3e54a1b848e27de5d3941f1078b69f52e8142949fe7","72.997","65.9","64.58","74.27","11.8433","85.71","829.23","{""init_epoch"":20,""epochs"":20,""init_lr"":0.01,""lrate"":0.01,""ca_epochs"":5,""dual_mask_anchor_reg_weight"":10,""dual_mask_reg_weight"":0.01,""dual_mask_conflict_reg_enabled"":false,""dual_mask_conflict_ratio"":0.1,""dual_mask_conflict_strength"":0.5,""dual_mask_conflict_energy_adaptive"":true,""dual_mask_conflict_old_overlap_adaptive"":true,""dual_mask_private_conflict_mode"":""global"",""dual_mask_private_rank"":0}"
"0de62e6f240b-R010","/Users/luxiaogen/Desktop/loda_logs/9-14/9_13_lora_inherit_5090.log","docs/experiments/raw/experiments/2026.09.26_实验查重_DM-B-260926-006/0de62e6f24_9_13_lora_inherit_5090.log","0de62e6f240bb7b3d9edba72fd6e0d9fa3872cdfcdadc1c5f471e20e79440211","10010","11239","","5090","ImageNet_A","1996","imga10_inherit_seed1996_20260913_222131","T10","10","10","metrics_complete","34f9fc2d4f0d65ba54714eecd567aab66797bfb784d490ca2a17502c02c7062b","73.48","66.36","64.89","75.73","13.6078","85.71","829.92","{""init_epoch"":20,""epochs"":20,""init_lr"":0.01,""lrate"":0.01,""ca_epochs"":5,""dual_mask_anchor_reg_weight"":10,""dual_mask_reg_weight"":0.01,""dual_mask_conflict_reg_enabled"":false,""dual_mask_conflict_ratio"":0.1,""dual_mask_conflict_strength"":0.5,""dual_mask_conflict_energy_adaptive"":true,""dual_mask_conflict_old_overlap_adaptive"":true,""dual_mask_private_conflict_mode"":""global"",""dual_mask_private_rank"":0}"
"0de62e6f240b-R011","/Users/luxiaogen/Desktop/loda_logs/9-14/9_13_lora_inherit_5090.log","docs/experiments/raw/experiments/2026.09.26_实验查重_DM-B-260926-006/0de62e6f24_9_13_lora_inherit_5090.log","0de62e6f240bb7b3d9edba72fd6e0d9fa3872cdfcdadc1c5f471e20e79440211","11239","12251","","5090","ImageNet_A","1997","imga10_fresh_seed1997_20260913_222131","T10","10","10","metrics_complete","3407c837984971c3b312b392483756ac81a9ff1bfa49d412beb26e4aaf41880e","72.671","64.85","62.97","77.72","12.5511","84.67","818.51","{""init_epoch"":20,""epochs"":20,""init_lr"":0.01,""lrate"":0.01,""ca_epochs"":5,""dual_mask_anchor_reg_weight"":10,""dual_mask_reg_weight"":0.01,""dual_mask_conflict_reg_enabled"":false,""dual_mask_conflict_ratio"":0.1,""dual_mask_conflict_strength"":0.5,""dual_mask_conflict_energy_adaptive"":true,""dual_mask_conflict_old_overlap_adaptive"":true,""dual_mask_private_conflict_mode"":""global"",""dual_mask_private_rank"":0}"
"0de62e6f240b-R012","/Users/luxiaogen/Desktop/loda_logs/9-14/9_13_lora_inherit_5090.log","docs/experiments/raw/experiments/2026.09.26_实验查重_DM-B-260926-006/0de62e6f24_9_13_lora_inherit_5090.log","0de62e6f240bb7b3d9edba72fd6e0d9fa3872cdfcdadc1c5f471e20e79440211","12251","13469","","5090","ImageNet_A","1997","imga10_inherit_seed1997_20260913_222131","T10","10","10","metrics_complete","701fd3586af5af6c50538dc9e2008330725f581f9d2c529ada703a3223d6aacf","72.58900000000001","65.7","63.88","78.24","12.11","84.67","814.68","{""init_epoch"":20,""epochs"":20,""init_lr"":0.01,""lrate"":0.01,""ca_epochs"":5,""dual_mask_anchor_reg_weight"":10,""dual_mask_reg_weight"":0.01,""dual_mask_conflict_reg_enabled"":false,""dual_mask_conflict_ratio"":0.1,""dual_mask_conflict_strength"":0.5,""dual_mask_conflict_energy_adaptive"":true,""dual_mask_conflict_old_overlap_adaptive"":true,""dual_mask_private_conflict_mode"":""global"",""dual_mask_private_rank"":0}"
"d494cb1063b4-R001","/Users/luxiaogen/Desktop/loda_logs/9-14/9_14_lora_inherit_branches_3090.log","docs/experiments/raw/experiments/2026.09.26_实验查重_DM-B-260926-006/d494cb1063_9_14_lora_inherit_branches_3090.log","d494cb1063b45dbcd3cb31214a61322e55fdffdb4ddd6f9b3d3d66d29c858d8b","56","1303","","3090","CUB","1993","cub10_fresh_seed1993_20260914_084815","T10","10","10","metrics_complete","9f4842d1a4a7e1a8e211638d8337079c85339d69b321c39a07a562fadcc0e9b3","93.675","90.33","90.6","87.83","4.2444","98.38","1916.1","{""init_epoch"":20,""epochs"":20,""init_lr"":0.005,""lrate"":0.005,""ca_epochs"":5,""dual_mask_anchor_reg_weight"":10,""dual_mask_reg_weight"":0.01,""dual_mask_conflict_reg_enabled"":false,""dual_mask_conflict_ratio"":0.1,""dual_mask_conflict_strength"":0.5,""dual_mask_conflict_energy_adaptive"":true,""dual_mask_conflict_old_overlap_adaptive"":true,""dual_mask_private_conflict_mode"":""global"",""dual_mask_private_rank"":0}"
"d494cb1063b4-R002","/Users/luxiaogen/Desktop/loda_logs/9-14/9_14_lora_inherit_branches_3090.log","docs/experiments/raw/experiments/2026.09.26_实验查重_DM-B-260926-006/d494cb1063_9_14_lora_inherit_branches_3090.log","d494cb1063b45dbcd3cb31214a61322e55fdffdb4ddd6f9b3d3d66d29c858d8b","1303","2550","","3090","CUB","1993","cub10_s_only_seed1993_20260914_084815","T10","10","10","metrics_complete","0882564c6e4691abf295a184f92cee04f0bbd108642a7efe6b92ddaf2b1fb599","93.66300000000001","90.08","90.18","89.13","4.5889","98.38","1928.45","{""init_epoch"":20,""epochs"":20,""init_lr"":0.005,""lrate"":0.005,""ca_epochs"":5,""dual_mask_anchor_reg_weight"":10,""dual_mask_reg_weight"":0.01,""dual_mask_conflict_reg_enabled"":false,""dual_mask_conflict_ratio"":0.1,""dual_mask_conflict_strength"":0.5,""dual_mask_conflict_energy_adaptive"":true,""dual_mask_conflict_old_overlap_adaptive"":true,""dual_mask_private_conflict_mode"":""global"",""dual_mask_private_rank"":0}"
"d494cb1063b4-R003","/Users/luxiaogen/Desktop/loda_logs/9-14/9_14_lora_inherit_branches_3090.log","docs/experiments/raw/experiments/2026.09.26_实验查重_DM-B-260926-006/d494cb1063_9_14_lora_inherit_branches_3090.log","d494cb1063b45dbcd3cb31214a61322e55fdffdb4ddd6f9b3d3d66d29c858d8b","2550","3798","","3090","CUB","1993","cub10_p_only_seed1993_20260914_084815","T10","10","10","metrics_complete","8d6936ffd0b080c4be597f8cb4e8f06d16f02021eafab457a07198504ec65654","93.66400000000002","90.33","90.65","87.39","4.2","98.38","1923.34","{""init_epoch"":20,""epochs"":20,""init_lr"":0.005,""lrate"":0.005,""ca_epochs"":5,""dual_mask_anchor_reg_weight"":10,""dual_mask_reg_weight"":0.01,""dual_mask_conflict_reg_enabled"":false,""dual_mask_conflict_ratio"":0.1,""dual_mask_conflict_strength"":0.5,""dual_mask_conflict_energy_adaptive"":true,""dual_mask_conflict_old_overlap_adaptive"":true,""dual_mask_private_conflict_mode"":""global"",""dual_mask_private_rank"":0}"
"d494cb1063b4-R004","/Users/luxiaogen/Desktop/loda_logs/9-14/9_14_lora_inherit_branches_3090.log","docs/experiments/raw/experiments/2026.09.26_实验查重_DM-B-260926-006/d494cb1063_9_14_lora_inherit_branches_3090.log","d494cb1063b45dbcd3cb31214a61322e55fdffdb4ddd6f9b3d3d66d29c858d8b","3798","5046","","3090","CUB","1996","cub10_fresh_seed1996_20260914_084815","T10","10","10","metrics_complete","aaf97839593dcada5487a3858a73f1c797885346feec4c6011a1f2580555b465","94.628","90.25","90.93","84.23","4.1656","100","1925.03","{""init_epoch"":20,""epochs"":20,""init_lr"":0.005,""lrate"":0.005,""ca_epochs"":5,""dual_mask_anchor_reg_weight"":10,""dual_mask_reg_weight"":0.01,""dual_mask_conflict_reg_enabled"":false,""dual_mask_conflict_ratio"":0.1,""dual_mask_conflict_strength"":0.5,""dual_mask_conflict_energy_adaptive"":true,""dual_mask_conflict_old_overlap_adaptive"":true,""dual_mask_private_conflict_mode"":""global"",""dual_mask_private_rank"":0}"
"d494cb1063b4-R005","/Users/luxiaogen/Desktop/loda_logs/9-14/9_14_lora_inherit_branches_3090.log","docs/experiments/raw/experiments/2026.09.26_实验查重_DM-B-260926-006/d494cb1063_9_14_lora_inherit_branches_3090.log","d494cb1063b45dbcd3cb31214a61322e55fdffdb4ddd6f9b3d3d66d29c858d8b","5046","6293","","3090","CUB","1996","cub10_s_only_seed1996_20260914_084815","T10","10","10","metrics_complete","a4fc97a852251bba27c7a05290a64ac538f854e38b7652627a71c7cfaad1f184","94.53699999999999","89.99","90.6","84.65","4.5867","100","1926.04","{""init_epoch"":20,""epochs"":20,""init_lr"":0.005,""lrate"":0.005,""ca_epochs"":5,""dual_mask_anchor_reg_weight"":10,""dual_mask_reg_weight"":0.01,""dual_mask_conflict_reg_enabled"":false,""dual_mask_conflict_ratio"":0.1,""dual_mask_conflict_strength"":0.5,""dual_mask_conflict_energy_adaptive"":true,""dual_mask_conflict_old_overlap_adaptive"":true,""dual_mask_private_conflict_mode"":""global"",""dual_mask_private_rank"":0}"
"d494cb1063b4-R006","/Users/luxiaogen/Desktop/loda_logs/9-14/9_14_lora_inherit_branches_3090.log","docs/experiments/raw/experiments/2026.09.26_实验查重_DM-B-260926-006/d494cb1063_9_14_lora_inherit_branches_3090.log","d494cb1063b45dbcd3cb31214a61322e55fdffdb4ddd6f9b3d3d66d29c858d8b","6293","7540","","3090","CUB","1996","cub10_p_only_seed1996_20260914_084815","T10","10","10","metrics_complete","2e1baaed6d9e0205692fc0c43b4c11e24cf25d2f209ff196b5727059bb47a8fe","94.57300000000001","90.2","90.93","83.82","4.1533","100","1927.16","{""init_epoch"":20,""epochs"":20,""init_lr"":0.005,""lrate"":0.005,""ca_epochs"":5,""dual_mask_anchor_reg_weight"":10,""dual_mask_reg_weight"":0.01,""dual_mask_conflict_reg_enabled"":false,""dual_mask_conflict_ratio"":0.1,""dual_mask_conflict_strength"":0.5,""dual_mask_conflict_energy_adaptive"":true,""dual_mask_conflict_old_overlap_adaptive"":true,""dual_mask_private_conflict_mode"":""global"",""dual_mask_private_rank"":0}"
"d494cb1063b4-R007","/Users/luxiaogen/Desktop/loda_logs/9-14/9_14_lora_inherit_branches_3090.log","docs/experiments/raw/experiments/2026.09.26_实验查重_DM-B-260926-006/d494cb1063_9_14_lora_inherit_branches_3090.log","d494cb1063b45dbcd3cb31214a61322e55fdffdb4ddd6f9b3d3d66d29c858d8b","7540","8788","","3090","CUB","1997","cub10_fresh_seed1997_20260914_084815","T10","10","10","metrics_complete","0626aca5dec70dd8d26c890a832e1bc942b30fc999e26de12c4ca1bdff7258a1","93.544","90.37","90.94","85.29","3.3778","96.55","1927.74","{""init_epoch"":20,""epochs"":20,""init_lr"":0.005,""lrate"":0.005,""ca_epochs"":5,""dual_mask_anchor_reg_weight"":10,""dual_mask_reg_weight"":0.01,""dual_mask_conflict_reg_enabled"":false,""dual_mask_conflict_ratio"":0.1,""dual_mask_conflict_strength"":0.5,""dual_mask_conflict_energy_adaptive"":true,""dual_mask_conflict_old_overlap_adaptive"":true,""dual_mask_private_conflict_mode"":""global"",""dual_mask_private_rank"":0}"
"d494cb1063b4-R008","/Users/luxiaogen/Desktop/loda_logs/9-14/9_14_lora_inherit_branches_3090.log","docs/experiments/raw/experiments/2026.09.26_实验查重_DM-B-260926-006/d494cb1063_9_14_lora_inherit_branches_3090.log","d494cb1063b45dbcd3cb31214a61322e55fdffdb4ddd6f9b3d3d66d29c858d8b","8788","10037","","3090","CUB","1997","cub10_s_only_seed1997_20260914_084815","T10","10","10","metrics_complete","23140e9b79f2831f8b22d8300989f461e737547510f741fcdc912fe28a87e7ff","93.409","90.12","90.61","85.71","3.9367","96.55","1924.73","{""init_epoch"":20,""epochs"":20,""init_lr"":0.005,""lrate"":0.005,""ca_epochs"":5,""dual_mask_anchor_reg_weight"":10,""dual_mask_reg_weight"":0.01,""dual_mask_conflict_reg_enabled"":false,""dual_mask_conflict_ratio"":0.1,""dual_mask_conflict_strength"":0.5,""dual_mask_conflict_energy_adaptive"":true,""dual_mask_conflict_old_overlap_adaptive"":true,""dual_mask_private_conflict_mode"":""global"",""dual_mask_private_rank"":0}"
"d494cb1063b4-R009","/Users/luxiaogen/Desktop/loda_logs/9-14/9_14_lora_inherit_branches_3090.log","docs/experiments/raw/experiments/2026.09.26_实验查重_DM-B-260926-006/d494cb1063_9_14_lora_inherit_branches_3090.log","d494cb1063b45dbcd3cb31214a61322e55fdffdb4ddd6f9b3d3d66d29c858d8b","10037","11273","","3090","CUB","1997","cub10_p_only_seed1997_20260914_084815","T10","10","10","metrics_complete","7c0ec8d1547e55b6b0f84b2d99c93e3651f640c48a3347909793dfb647cb1473","93.538","90.5","91.08","85.29","3.1833","96.55","1934.19","{""init_epoch"":20,""epochs"":20,""init_lr"":0.005,""lrate"":0.005,""ca_epochs"":5,""dual_mask_anchor_reg_weight"":10,""dual_mask_reg_weight"":0.01,""dual_mask_conflict_reg_enabled"":false,""dual_mask_conflict_ratio"":0.1,""dual_mask_conflict_strength"":0.5,""dual_mask_conflict_energy_adaptive"":true,""dual_mask_conflict_old_overlap_adaptive"":true,""dual_mask_private_conflict_mode"":""global"",""dual_mask_private_rank"":0}"
"92be31e9e71b-R001","/Users/luxiaogen/Desktop/loda_logs/9-14/9_14_lora_inherit_branches_5090.log","docs/experiments/raw/experiments/2026.09.26_实验查重_DM-B-260926-006/92be31e9e7_9_14_lora_inherit_branches_5090.log","92be31e9e71b53610639a2f7c6ef1dd0a0d57b536231987289615a589101beb7","57","1310","","5090","ImageNet_R","1993","imgr10_fresh_seed1993_20260914_084830","T10","10","10","metrics_complete","dd9226c452e9883b29f4fdb338e83c58137056227929fd86aa6090bb16b07874","87.11600000000001","82.47","82.09","86.01","5.5333","97.1","2885.55","{""init_epoch"":20,""epochs"":20,""init_lr"":0.02,""lrate"":0.02,""ca_epochs"":5,""dual_mask_anchor_reg_weight"":10,""dual_mask_reg_weight"":0.01,""dual_mask_conflict_reg_enabled"":false,""dual_mask_conflict_ratio"":0.1,""dual_mask_conflict_strength"":0.5,""dual_mask_conflict_energy_adaptive"":true,""dual_mask_conflict_old_overlap_adaptive"":true,""dual_mask_private_conflict_mode"":""global"",""dual_mask_private_rank"":0}"
"92be31e9e71b-R002","/Users/luxiaogen/Desktop/loda_logs/9-14/9_14_lora_inherit_branches_5090.log","docs/experiments/raw/experiments/2026.09.26_实验查重_DM-B-260926-006/92be31e9e7_9_14_lora_inherit_branches_5090.log","92be31e9e71b53610639a2f7c6ef1dd0a0d57b536231987289615a589101beb7","1310","2564","","5090","ImageNet_R","1993","imgr10_s_only_seed1993_20260914_084830","T10","10","10","metrics_complete","0dd8c0147908769ba6fbcd35c066662d8ea85f043a8d0414f5e5e617b3664c47","86.662","81.43","80.69","88.43","8.4578","96.37","2851.11","{""init_epoch"":20,""epochs"":20,""init_lr"":0.02,""lrate"":0.02,""ca_epochs"":5,""dual_mask_anchor_reg_weight"":10,""dual_mask_reg_weight"":0.01,""dual_mask_conflict_reg_enabled"":false,""dual_mask_conflict_ratio"":0.1,""dual_mask_conflict_strength"":0.5,""dual_mask_conflict_energy_adaptive"":true,""dual_mask_conflict_old_overlap_adaptive"":true,""dual_mask_private_conflict_mode"":""global"",""dual_mask_private_rank"":0}"
"92be31e9e71b-R003","/Users/luxiaogen/Desktop/loda_logs/9-14/9_14_lora_inherit_branches_5090.log","docs/experiments/raw/experiments/2026.09.26_实验查重_DM-B-260926-006/92be31e9e7_9_14_lora_inherit_branches_5090.log","92be31e9e71b53610639a2f7c6ef1dd0a0d57b536231987289615a589101beb7","2564","3814","","5090","ImageNet_R","1993","imgr10_p_only_seed1993_20260914_084830","T10","10","10","metrics_complete","ff69bec197a428a85609b29331a6621b47858c1c3c9a593dba94bdd9a419df1c","87.043","82.22","81.81","86.01","5.9167","96.66","2800.16","{""init_epoch"":20,""epochs"":20,""init_lr"":0.02,""lrate"":0.02,""ca_epochs"":5,""dual_mask_anchor_reg_weight"":10,""dual_mask_reg_weight"":0.01,""dual_mask_conflict_reg_enabled"":false,""dual_mask_conflict_ratio"":0.1,""dual_mask_conflict_strength"":0.5,""dual_mask_conflict_energy_adaptive"":true,""dual_mask_conflict_old_overlap_adaptive"":true,""dual_mask_private_conflict_mode"":""global"",""dual_mask_private_rank"":0}"
"92be31e9e71b-R004","/Users/luxiaogen/Desktop/loda_logs/9-14/9_14_lora_inherit_branches_5090.log","docs/experiments/raw/experiments/2026.09.26_实验查重_DM-B-260926-006/92be31e9e7_9_14_lora_inherit_branches_5090.log","92be31e9e71b53610639a2f7c6ef1dd0a0d57b536231987289615a589101beb7","3814","5061","","5090","ImageNet_R","1996","imgr10_fresh_seed1996_20260914_084830","T10","10","10","metrics_complete","247bfd9ea867c0d2f673dc6b1c45e4d2511d8e3b53265f90d83c23cba1f16532","86.515","82.1","81.47","87.66","6.95","95","2801.61","{""init_epoch"":20,""epochs"":20,""init_lr"":0.02,""lrate"":0.02,""ca_epochs"":5,""dual_mask_anchor_reg_weight"":10,""dual_mask_reg_weight"":0.01,""dual_mask_conflict_reg_enabled"":false,""dual_mask_conflict_ratio"":0.1,""dual_mask_conflict_strength"":0.5,""dual_mask_conflict_energy_adaptive"":true,""dual_mask_conflict_old_overlap_adaptive"":true,""dual_mask_private_conflict_mode"":""global"",""dual_mask_private_rank"":0}"
"92be31e9e71b-R005","/Users/luxiaogen/Desktop/loda_logs/9-14/9_14_lora_inherit_branches_5090.log","docs/experiments/raw/experiments/2026.09.26_实验查重_DM-B-260926-006/92be31e9e7_9_14_lora_inherit_branches_5090.log","92be31e9e71b53610639a2f7c6ef1dd0a0d57b536231987289615a589101beb7","5061","6314","","5090","ImageNet_R","1996","imgr10_s_only_seed1996_20260914_084830","T10","10","10","metrics_complete","078aa6a6397faf8462d9cf74eaedd0858c074b7698ae498e555a5fe81d8b554d","85.924","81.03","80.01","90.13","10.2456","94.09","2862.5","{""init_epoch"":20,""epochs"":20,""init_lr"":0.02,""lrate"":0.02,""ca_epochs"":5,""dual_mask_anchor_reg_weight"":10,""dual_mask_reg_weight"":0.01,""dual_mask_conflict_reg_enabled"":false,""dual_mask_conflict_ratio"":0.1,""dual_mask_conflict_strength"":0.5,""dual_mask_conflict_energy_adaptive"":true,""dual_mask_conflict_old_overlap_adaptive"":true,""dual_mask_private_conflict_mode"":""global"",""dual_mask_private_rank"":0}"
"92be31e9e71b-R006","/Users/luxiaogen/Desktop/loda_logs/9-14/9_14_lora_inherit_branches_5090.log","docs/experiments/raw/experiments/2026.09.26_实验查重_DM-B-260926-006/92be31e9e7_9_14_lora_inherit_branches_5090.log","92be31e9e71b53610639a2f7c6ef1dd0a0d57b536231987289615a589101beb7","6314","7565","","5090","ImageNet_R","1996","imgr10_p_only_seed1996_20260914_084830","T10","10","10","metrics_complete","68190ba93ae89a6aecd27b9a8fb9fbfffe794fbbe721122b7dfef969ff65f870","86.615","82.23","81.62","87.66","7.1789","94.85","2877.99","{""init_epoch"":20,""epochs"":20,""init_lr"":0.02,""lrate"":0.02,""ca_epochs"":5,""dual_mask_anchor_reg_weight"":10,""dual_mask_reg_weight"":0.01,""dual_mask_conflict_reg_enabled"":false,""dual_mask_conflict_ratio"":0.1,""dual_mask_conflict_strength"":0.5,""dual_mask_conflict_energy_adaptive"":true,""dual_mask_conflict_old_overlap_adaptive"":true,""dual_mask_private_conflict_mode"":""global"",""dual_mask_private_rank"":0}"
"92be31e9e71b-R007","/Users/luxiaogen/Desktop/loda_logs/9-14/9_14_lora_inherit_branches_5090.log","docs/experiments/raw/experiments/2026.09.26_实验查重_DM-B-260926-006/92be31e9e7_9_14_lora_inherit_branches_5090.log","92be31e9e71b53610639a2f7c6ef1dd0a0d57b536231987289615a589101beb7","7565","8817","","5090","ImageNet_R","1997","imgr10_fresh_seed1997_20260914_084830","T10","10","10","metrics_complete","7dfe234525b42a898869de37c5903437ae68cee38ada62527240eb98bf62d535","86.378","82.55","81.71","90.31","6.4667","95.32","2827.4","{""init_epoch"":20,""epochs"":20,""init_lr"":0.02,""lrate"":0.02,""ca_epochs"":5,""dual_mask_anchor_reg_weight"":10,""dual_mask_reg_weight"":0.01,""dual_mask_conflict_reg_enabled"":false,""dual_mask_conflict_ratio"":0.1,""dual_mask_conflict_strength"":0.5,""dual_mask_conflict_energy_adaptive"":true,""dual_mask_conflict_old_overlap_adaptive"":true,""dual_mask_private_conflict_mode"":""global"",""dual_mask_private_rank"":0}"
"92be31e9e71b-R008","/Users/luxiaogen/Desktop/loda_logs/9-14/9_14_lora_inherit_branches_5090.log","docs/experiments/raw/experiments/2026.09.26_实验查重_DM-B-260926-006/92be31e9e7_9_14_lora_inherit_branches_5090.log","92be31e9e71b53610639a2f7c6ef1dd0a0d57b536231987289615a589101beb7","8817","10070","","5090","ImageNet_R","1997","imgr10_s_only_seed1997_20260914_084830","T10","10","10","metrics_complete","031a2ce208dead784eb5770d4ea5781b3cc477bebfe74eb5ce8512e245aae07f","86.09599999999999","81.52","80.49","90.99","9.4889","95.51","2873.73","{""init_epoch"":20,""epochs"":20,""init_lr"":0.02,""lrate"":0.02,""ca_epochs"":5,""dual_mask_anchor_reg_weight"":10,""dual_mask_reg_weight"":0.01,""dual_mask_conflict_reg_enabled"":false,""dual_mask_conflict_ratio"":0.1,""dual_mask_conflict_strength"":0.5,""dual_mask_conflict_energy_adaptive"":true,""dual_mask_conflict_old_overlap_adaptive"":true,""dual_mask_private_conflict_mode"":""global"",""dual_mask_private_rank"":0}"
"92be31e9e71b-R009","/Users/luxiaogen/Desktop/loda_logs/9-14/9_14_lora_inherit_branches_5090.log","docs/experiments/raw/experiments/2026.09.26_实验查重_DM-B-260926-006/92be31e9e7_9_14_lora_inherit_branches_5090.log","92be31e9e71b53610639a2f7c6ef1dd0a0d57b536231987289615a589101beb7","10070","11326","","5090","ImageNet_R","1997","imgr10_p_only_seed1997_20260914_084830","T10","10","10","metrics_complete","de9e05945abfa60e61a04c9dbeef60aacb4bd8592223d798edb1862e9f95bfad","86.494","82.45","81.61","90.14","6.7722","95.88","2892.63","{""init_epoch"":20,""epochs"":20,""init_lr"":0.02,""lrate"":0.02,""ca_epochs"":5,""dual_mask_anchor_reg_weight"":10,""dual_mask_reg_weight"":0.01,""dual_mask_conflict_reg_enabled"":false,""dual_mask_conflict_ratio"":0.1,""dual_mask_conflict_strength"":0.5,""dual_mask_conflict_energy_adaptive"":true,""dual_mask_conflict_old_overlap_adaptive"":true,""dual_mask_private_conflict_mode"":""global"",""dual_mask_private_rank"":0}"
"92be31e9e71b-R010","/Users/luxiaogen/Desktop/loda_logs/9-14/9_14_lora_inherit_branches_5090.log","docs/experiments/raw/experiments/2026.09.26_实验查重_DM-B-260926-006/92be31e9e7_9_14_lora_inherit_branches_5090.log","92be31e9e71b53610639a2f7c6ef1dd0a0d57b536231987289615a589101beb7","11326","12576","","5090","ImageNet_A","1993","imga10_fresh_seed1993_20260914_084830","T10","10","10","metrics_complete","9c1f5e21508051af44cf4ca2d75007f822da717c22b342a94b2869a3616d8f11","75.031","65.83","65.02","75","11.4978","88","880.81","{""init_epoch"":20,""epochs"":20,""init_lr"":0.01,""lrate"":0.01,""ca_epochs"":5,""dual_mask_anchor_reg_weight"":10,""dual_mask_reg_weight"":0.01,""dual_mask_conflict_reg_enabled"":false,""dual_mask_conflict_ratio"":0.1,""dual_mask_conflict_strength"":0.5,""dual_mask_conflict_energy_adaptive"":true,""dual_mask_conflict_old_overlap_adaptive"":true,""dual_mask_private_conflict_mode"":""global"",""dual_mask_private_rank"":0}"
"92be31e9e71b-R011","/Users/luxiaogen/Desktop/loda_logs/9-14/9_14_lora_inherit_branches_5090.log","docs/experiments/raw/experiments/2026.09.26_实验查重_DM-B-260926-006/92be31e9e7_9_14_lora_inherit_branches_5090.log","92be31e9e71b53610639a2f7c6ef1dd0a0d57b536231987289615a589101beb7","12576","13827","","5090","ImageNet_A","1993","imga10_s_only_seed1993_20260914_084830","T10","10","10","metrics_complete","09bc096461dd1415a7fcd10eb54ccc83e68d00bacae91a4908ceee838b94a9c2","74.77699999999999","64.91","64.09","74.19","14.1556","87.43","877.19","{""init_epoch"":20,""epochs"":20,""init_lr"":0.01,""lrate"":0.01,""ca_epochs"":5,""dual_mask_anchor_reg_weight"":10,""dual_mask_reg_weight"":0.01,""dual_mask_conflict_reg_enabled"":false,""dual_mask_conflict_ratio"":0.1,""dual_mask_conflict_strength"":0.5,""dual_mask_conflict_energy_adaptive"":true,""dual_mask_conflict_old_overlap_adaptive"":true,""dual_mask_private_conflict_mode"":""global"",""dual_mask_private_rank"":0}"
"92be31e9e71b-R012","/Users/luxiaogen/Desktop/loda_logs/9-14/9_14_lora_inherit_branches_5090.log","docs/experiments/raw/experiments/2026.09.26_实验查重_DM-B-260926-006/92be31e9e7_9_14_lora_inherit_branches_5090.log","92be31e9e71b53610639a2f7c6ef1dd0a0d57b536231987289615a589101beb7","13827","15079","","5090","ImageNet_A","1993","imga10_p_only_seed1993_20260914_084830","T10","10","10","metrics_complete","06a4b0f01a0fef9c2e37b89f6f510b3cb593e53757c334f454ad60d8f9299e4c","75.00800000000001","65.31","64.66","72.58","12.6667","87.43","902.15","{""init_epoch"":20,""epochs"":20,""init_lr"":0.01,""lrate"":0.01,""ca_epochs"":5,""dual_mask_anchor_reg_weight"":10,""dual_mask_reg_weight"":0.01,""dual_mask_conflict_reg_enabled"":false,""dual_mask_conflict_ratio"":0.1,""dual_mask_conflict_strength"":0.5,""dual_mask_conflict_energy_adaptive"":true,""dual_mask_conflict_old_overlap_adaptive"":true,""dual_mask_private_conflict_mode"":""global"",""dual_mask_private_rank"":0}"
"92be31e9e71b-R013","/Users/luxiaogen/Desktop/loda_logs/9-14/9_14_lora_inherit_branches_5090.log","docs/experiments/raw/experiments/2026.09.26_实验查重_DM-B-260926-006/92be31e9e7_9_14_lora_inherit_branches_5090.log","92be31e9e71b53610639a2f7c6ef1dd0a0d57b536231987289615a589101beb7","15079","16330","","5090","ImageNet_A","1996","imga10_fresh_seed1996_20260914_084830","T10","10","10","metrics_complete","4214beb18043f020638f8d38b43bec4115f7ae34f32ae20ab40eaf9e41dee69e","73.132","65.96","64.66","74.27","12.0467","86.34","885.89","{""init_epoch"":20,""epochs"":20,""init_lr"":0.01,""lrate"":0.01,""ca_epochs"":5,""dual_mask_anchor_reg_weight"":10,""dual_mask_reg_weight"":0.01,""dual_mask_conflict_reg_enabled"":false,""dual_mask_conflict_ratio"":0.1,""dual_mask_conflict_strength"":0.5,""dual_mask_conflict_energy_adaptive"":true,""dual_mask_conflict_old_overlap_adaptive"":true,""dual_mask_private_conflict_mode"":""global"",""dual_mask_private_rank"":0}"
"92be31e9e71b-R014","/Users/luxiaogen/Desktop/loda_logs/9-14/9_14_lora_inherit_branches_5090.log","docs/experiments/raw/experiments/2026.09.26_实验查重_DM-B-260926-006/92be31e9e7_9_14_lora_inherit_branches_5090.log","92be31e9e71b53610639a2f7c6ef1dd0a0d57b536231987289615a589101beb7","16330","17580","","5090","ImageNet_A","1996","imga10_s_only_seed1996_20260914_084830","T10","10","10","metrics_complete","a8bf277358dde13e1dd8561751f572df714a64cef4069c8e9ef2ac333401eb3a","73.36","66.29","64.74","76.21","13.6044","85.71","832.81","{""init_epoch"":20,""epochs"":20,""init_lr"":0.01,""lrate"":0.01,""ca_epochs"":5,""dual_mask_anchor_reg_weight"":10,""dual_mask_reg_weight"":0.01,""dual_mask_conflict_reg_enabled"":false,""dual_mask_conflict_ratio"":0.1,""dual_mask_conflict_strength"":0.5,""dual_mask_conflict_energy_adaptive"":true,""dual_mask_conflict_old_overlap_adaptive"":true,""dual_mask_private_conflict_mode"":""global"",""dual_mask_private_rank"":0}"
"92be31e9e71b-R015","/Users/luxiaogen/Desktop/loda_logs/9-14/9_14_lora_inherit_branches_5090.log","docs/experiments/raw/experiments/2026.09.26_实验查重_DM-B-260926-006/92be31e9e7_9_14_lora_inherit_branches_5090.log","92be31e9e71b53610639a2f7c6ef1dd0a0d57b536231987289615a589101beb7","17580","18829","","5090","ImageNet_A","1996","imga10_p_only_seed1996_20260914_084830","T10","10","10","metrics_complete","4771fd9668a2ae48f6a71462a90fad5e595d980d98bfb3a80ca9dcdf99f08387","72.837","65.83","64.66","73.3","11.5978","85.71","839.35","{""init_epoch"":20,""epochs"":20,""init_lr"":0.01,""lrate"":0.01,""ca_epochs"":5,""dual_mask_anchor_reg_weight"":10,""dual_mask_reg_weight"":0.01,""dual_mask_conflict_reg_enabled"":false,""dual_mask_conflict_ratio"":0.1,""dual_mask_conflict_strength"":0.5,""dual_mask_conflict_energy_adaptive"":true,""dual_mask_conflict_old_overlap_adaptive"":true,""dual_mask_private_conflict_mode"":""global"",""dual_mask_private_rank"":0}"
"92be31e9e71b-R016","/Users/luxiaogen/Desktop/loda_logs/9-14/9_14_lora_inherit_branches_5090.log","docs/experiments/raw/experiments/2026.09.26_实验查重_DM-B-260926-006/92be31e9e7_9_14_lora_inherit_branches_5090.log","92be31e9e71b53610639a2f7c6ef1dd0a0d57b536231987289615a589101beb7","18829","20082","","5090","ImageNet_A","1997","imga10_fresh_seed1997_20260914_084830","T10","10","10","metrics_complete","f369fe48da08b280414c19340ccf978bfc1a8f351b2a6f26d49f7d680f37460b","72.518","65.17","63.27","78.24","12","84.67","850.37","{""init_epoch"":20,""epochs"":20,""init_lr"":0.01,""lrate"":0.01,""ca_epochs"":5,""dual_mask_anchor_reg_weight"":10,""dual_mask_reg_weight"":0.01,""dual_mask_conflict_reg_enabled"":false,""dual_mask_conflict_ratio"":0.1,""dual_mask_conflict_strength"":0.5,""dual_mask_conflict_energy_adaptive"":true,""dual_mask_conflict_old_overlap_adaptive"":true,""dual_mask_private_conflict_mode"":""global"",""dual_mask_private_rank"":0}"
"92be31e9e71b-R017","/Users/luxiaogen/Desktop/loda_logs/9-14/9_14_lora_inherit_branches_5090.log","docs/experiments/raw/experiments/2026.09.26_实验查重_DM-B-260926-006/92be31e9e7_9_14_lora_inherit_branches_5090.log","92be31e9e71b53610639a2f7c6ef1dd0a0d57b536231987289615a589101beb7","20082","21330","","5090","ImageNet_A","1997","imga10_s_only_seed1997_20260914_084830","T10","10","10","metrics_complete","bf90e7b8573897cfdb235c5bedb656dc89cae1de7b6ba921ff4b35699197c7d5","72.469","64.71","62.59","79.27","13.4511","84.67","822.95","{""init_epoch"":20,""epochs"":20,""init_lr"":0.01,""lrate"":0.01,""ca_epochs"":5,""dual_mask_anchor_reg_weight"":10,""dual_mask_reg_weight"":0.01,""dual_mask_conflict_reg_enabled"":false,""dual_mask_conflict_ratio"":0.1,""dual_mask_conflict_strength"":0.5,""dual_mask_conflict_energy_adaptive"":true,""dual_mask_conflict_old_overlap_adaptive"":true,""dual_mask_private_conflict_mode"":""global"",""dual_mask_private_rank"":0}"
"92be31e9e71b-R018","/Users/luxiaogen/Desktop/loda_logs/9-14/9_14_lora_inherit_branches_5090.log","docs/experiments/raw/experiments/2026.09.26_实验查重_DM-B-260926-006/92be31e9e7_9_14_lora_inherit_branches_5090.log","92be31e9e71b53610639a2f7c6ef1dd0a0d57b536231987289615a589101beb7","21330","22569","","5090","ImageNet_A","1997","imga10_p_only_seed1997_20260914_084830","T10","10","10","metrics_complete","4d97cd67151ad87d9c1237bd847a41328424edc2219f3c2c77fe5f362fc95a1c","72.29599999999999","65.04","63.12","78.24","11.7611","84.67","825.96","{""init_epoch"":20,""epochs"":20,""init_lr"":0.01,""lrate"":0.01,""ca_epochs"":5,""dual_mask_anchor_reg_weight"":10,""dual_mask_reg_weight"":0.01,""dual_mask_conflict_reg_enabled"":false,""dual_mask_conflict_ratio"":0.1,""dual_mask_conflict_strength"":0.5,""dual_mask_conflict_energy_adaptive"":true,""dual_mask_conflict_old_overlap_adaptive"":true,""dual_mask_private_conflict_mode"":""global"",""dual_mask_private_rank"":0}"
"e43d423774ac-R001","/Users/luxiaogen/Desktop/loda_logs/9-15/9_14_imgr10_qk_all_3090.log","docs/experiments/raw/experiments/2026.09.26_实验查重_DM-B-260926-006/e43d423774_9_14_imgr10_qk_all_3090.log","e43d423774acd3502771875ae8016d7e81e15877acc5f47adc970ab4ecc746c4","47","1721","023ec04","3090","ImageNet_R","1993","imgr10_qk_all_seed1993","T10","10","10","metrics_complete","068d1e9a31d20f295818d4209279b2fd35df3dd5b2fea1497ca6b6c89ee74d46","84.629","79.87","79.76","80.83","4.65","94.92","4548.61","{""init_epoch"":20,""epochs"":20,""init_lr"":0.02,""lrate"":0.02,""ca_epochs"":5,""dual_mask_anchor_reg_weight"":10,""dual_mask_reg_weight"":0.01,""dual_mask_conflict_reg_enabled"":false,""dual_mask_conflict_ratio"":0.1,""dual_mask_conflict_strength"":0.5,""dual_mask_conflict_energy_adaptive"":true,""dual_mask_conflict_old_overlap_adaptive"":true,""dual_mask_private_conflict_mode"":""global"",""dual_mask_private_rank"":0}"
"e43d423774ac-R002","/Users/luxiaogen/Desktop/loda_logs/9-15/9_14_imgr10_qk_all_3090.log","docs/experiments/raw/experiments/2026.09.26_实验查重_DM-B-260926-006/e43d423774_9_14_imgr10_qk_all_3090.log","e43d423774acd3502771875ae8016d7e81e15877acc5f47adc970ab4ecc746c4","1721","3395","023ec04","3090","ImageNet_R","1996","imgr10_qk_all_seed1996","T10","10","10","metrics_complete","cc25e7165fe9a10666b5e89ee8a546bdaec6343adc3d2227c16b8cee7601f7e9","84.12499999999999","79.85","79.53","82.73","5.8322","91.82","4504.6","{""init_epoch"":20,""epochs"":20,""init_lr"":0.02,""lrate"":0.02,""ca_epochs"":5,""dual_mask_anchor_reg_weight"":10,""dual_mask_reg_weight"":0.01,""dual_mask_conflict_reg_enabled"":false,""dual_mask_conflict_ratio"":0.1,""dual_mask_conflict_strength"":0.5,""dual_mask_conflict_energy_adaptive"":true,""dual_mask_conflict_old_overlap_adaptive"":true,""dual_mask_private_conflict_mode"":""global"",""dual_mask_private_rank"":0}"
"e43d423774ac-R003","/Users/luxiaogen/Desktop/loda_logs/9-15/9_14_imgr10_qk_all_3090.log","docs/experiments/raw/experiments/2026.09.26_实验查重_DM-B-260926-006/e43d423774_9_14_imgr10_qk_all_3090.log","e43d423774acd3502771875ae8016d7e81e15877acc5f47adc970ab4ecc746c4","3395","5056","023ec04","3090","ImageNet_R","1997","imgr10_qk_all_seed1997","T10","10","10","metrics_complete","76c32646f1d07e7e6e41c47a82bd25a2d4716c287b4591b60272f7ac94f00ed1","83.767","79.9","79.18","86.56","5.4667","93.07","4523.8","{""init_epoch"":20,""epochs"":20,""init_lr"":0.02,""lrate"":0.02,""ca_epochs"":5,""dual_mask_anchor_reg_weight"":10,""dual_mask_reg_weight"":0.01,""dual_mask_conflict_reg_enabled"":false,""dual_mask_conflict_ratio"":0.1,""dual_mask_conflict_strength"":0.5,""dual_mask_conflict_energy_adaptive"":true,""dual_mask_conflict_old_overlap_adaptive"":true,""dual_mask_private_conflict_mode"":""global"",""dual_mask_private_rank"":0}"
"f400dd89f7b6-R001","/Users/luxiaogen/Desktop/loda_logs/9-15/9_14_imgr10_soft_qk_5090.log","docs/experiments/raw/experiments/2026.09.26_实验查重_DM-B-260926-006/f400dd89f7_9_14_imgr10_soft_qk_5090.log","f400dd89f7b69c1602af7a3ed97c5f82da5dd62160b8a49b59d55523330f4158","50","1333","023ec04","5090","ImageNet_R","1993","imgr10_soft_qkv_seed1993","T10","10","10","metrics_complete","6dd38342c7c5fc6f14250ca13150e6f69bf8574cd66846ea5d825a149efbb02c","86.946","82.47","82.16","85.32","5.3156","96.37","3332.24","{""init_epoch"":20,""epochs"":20,""init_lr"":0.02,""lrate"":0.02,""ca_epochs"":5,""dual_mask_anchor_reg_weight"":10,""dual_mask_reg_weight"":0.01,""dual_mask_conflict_reg_enabled"":false,""dual_mask_conflict_ratio"":0.1,""dual_mask_conflict_strength"":0.5,""dual_mask_conflict_energy_adaptive"":true,""dual_mask_conflict_old_overlap_adaptive"":true,""dual_mask_private_conflict_mode"":""global"",""dual_mask_private_rank"":0}"
"f400dd89f7b6-R002","/Users/luxiaogen/Desktop/loda_logs/9-15/9_14_imgr10_soft_qk_5090.log","docs/experiments/raw/experiments/2026.09.26_实验查重_DM-B-260926-006/f400dd89f7_9_14_imgr10_soft_qk_5090.log","f400dd89f7b69c1602af7a3ed97c5f82da5dd62160b8a49b59d55523330f4158","1333","2615","023ec04","5090","ImageNet_R","1993","imgr10_qk_all_seed1993","T10","10","10","metrics_complete","b6a480f9d5f9498a3602d9fb95609ac7a18d15c078071bffdecb4a0f329f9137","84.583","79.95","79.8","81.35","4.7556","94.48","3322.93","{""init_epoch"":20,""epochs"":20,""init_lr"":0.02,""lrate"":0.02,""ca_epochs"":5,""dual_mask_anchor_reg_weight"":10,""dual_mask_reg_weight"":0.01,""dual_mask_conflict_reg_enabled"":false,""dual_mask_conflict_ratio"":0.1,""dual_mask_conflict_strength"":0.5,""dual_mask_conflict_energy_adaptive"":true,""dual_mask_conflict_old_overlap_adaptive"":true,""dual_mask_private_conflict_mode"":""global"",""dual_mask_private_rank"":0}"
"f400dd89f7b6-R003","/Users/luxiaogen/Desktop/loda_logs/9-15/9_14_imgr10_soft_qk_5090.log","docs/experiments/raw/experiments/2026.09.26_实验查重_DM-B-260926-006/f400dd89f7_9_14_imgr10_soft_qk_5090.log","f400dd89f7b69c1602af7a3ed97c5f82da5dd62160b8a49b59d55523330f4158","2615","3899","023ec04","5090","ImageNet_R","1996","imgr10_soft_qkv_seed1996","T10","10","10","metrics_complete","9d608af547c9568ed98c548424080f4871bcd3bc73b78b6a3ee7679f0d9c51ed","86.493","82.08","81.49","87.34","7.0967","95","3320.14","{""init_epoch"":20,""epochs"":20,""init_lr"":0.02,""lrate"":0.02,""ca_epochs"":5,""dual_mask_anchor_reg_weight"":10,""dual_mask_reg_weight"":0.01,""dual_mask_conflict_reg_enabled"":false,""dual_mask_conflict_ratio"":0.1,""dual_mask_conflict_strength"":0.5,""dual_mask_conflict_energy_adaptive"":true,""dual_mask_conflict_old_overlap_adaptive"":true,""dual_mask_private_conflict_mode"":""global"",""dual_mask_private_rank"":0}"
"f400dd89f7b6-R004","/Users/luxiaogen/Desktop/loda_logs/9-15/9_14_imgr10_soft_qk_5090.log","docs/experiments/raw/experiments/2026.09.26_实验查重_DM-B-260926-006/f400dd89f7_9_14_imgr10_soft_qk_5090.log","f400dd89f7b69c1602af7a3ed97c5f82da5dd62160b8a49b59d55523330f4158","3899","5183","023ec04","5090","ImageNet_R","1996","imgr10_qk_all_seed1996","T10","10","10","metrics_complete","4451e1c904f62f703345008beddc222310c7528981bbfab96ac749d752677f90","84.19","79.77","79.47","82.4","5.8967","91.97","3314.42","{""init_epoch"":20,""epochs"":20,""init_lr"":0.02,""lrate"":0.02,""ca_epochs"":5,""dual_mask_anchor_reg_weight"":10,""dual_mask_reg_weight"":0.01,""dual_mask_conflict_reg_enabled"":false,""dual_mask_conflict_ratio"":0.1,""dual_mask_conflict_strength"":0.5,""dual_mask_conflict_energy_adaptive"":true,""dual_mask_conflict_old_overlap_adaptive"":true,""dual_mask_private_conflict_mode"":""global"",""dual_mask_private_rank"":0}"
"f400dd89f7b6-R005","/Users/luxiaogen/Desktop/loda_logs/9-15/9_14_imgr10_soft_qk_5090.log","docs/experiments/raw/experiments/2026.09.26_实验查重_DM-B-260926-006/f400dd89f7_9_14_imgr10_soft_qk_5090.log","f400dd89f7b69c1602af7a3ed97c5f82da5dd62160b8a49b59d55523330f4158","5183","6467","023ec04","5090","ImageNet_R","1997","imgr10_soft_qkv_seed1997","T10","10","10","metrics_complete","be9db6d9186900a4e82e457727fcf390ac071e951b44041bfab1d7a21ce793b3","86.34","82.32","81.45","90.31","6.6022","95.13","3307.45","{""init_epoch"":20,""epochs"":20,""init_lr"":0.02,""lrate"":0.02,""ca_epochs"":5,""dual_mask_anchor_reg_weight"":10,""dual_mask_reg_weight"":0.01,""dual_mask_conflict_reg_enabled"":false,""dual_mask_conflict_ratio"":0.1,""dual_mask_conflict_strength"":0.5,""dual_mask_conflict_energy_adaptive"":true,""dual_mask_conflict_old_overlap_adaptive"":true,""dual_mask_private_conflict_mode"":""global"",""dual_mask_private_rank"":0}"
"f400dd89f7b6-R006","/Users/luxiaogen/Desktop/loda_logs/9-15/9_14_imgr10_soft_qk_5090.log","docs/experiments/raw/experiments/2026.09.26_实验查重_DM-B-260926-006/f400dd89f7_9_14_imgr10_soft_qk_5090.log","f400dd89f7b69c1602af7a3ed97c5f82da5dd62160b8a49b59d55523330f4158","6467","7740","023ec04","5090","ImageNet_R","1997","imgr10_qk_all_seed1997","T10","10","10","metrics_complete","0c94a87ce734c6a3cab91a76384e71fa291e236fb0953854e7f82f280b5a002e","83.81800000000001","79.87","79.12","86.73","5.7811","93.63","3304.5","{""init_epoch"":20,""epochs"":20,""init_lr"":0.02,""lrate"":0.02,""ca_epochs"":5,""dual_mask_anchor_reg_weight"":10,""dual_mask_reg_weight"":0.01,""dual_mask_conflict_reg_enabled"":false,""dual_mask_conflict_ratio"":0.1,""dual_mask_conflict_strength"":0.5,""dual_mask_conflict_energy_adaptive"":true,""dual_mask_conflict_old_overlap_adaptive"":true,""dual_mask_private_conflict_mode"":""global"",""dual_mask_private_rank"":0}"
"b9cf731dc940-R001","/Users/luxiaogen/Desktop/loda_logs/9-15/9_15_imgr10_conditional_blend_3090.log","docs/experiments/raw/experiments/2026.09.26_实验查重_DM-B-260926-006/b9cf731dc9_9_15_imgr10_conditional_blend_3090.log","b9cf731dc9401d6afc5a11c4ce9e761ecb5950e20d9f90e6dd6b43c3a4fde6a1","35","1309","9c93d4b","3090","ImageNet_R","1993","imgr10_conditional_blend_seed1993","T10","10","10","metrics_complete","9938fa3f0c8dccea5c9786b449746dc345b90b665aa5fe1900a5d2c194cfaa4d","87.032","82.5","82.14","85.84","5.3478","96.66","5806.89","{""init_epoch"":20,""epochs"":20,""init_lr"":0.02,""lrate"":0.02,""ca_epochs"":5,""dual_mask_anchor_reg_weight"":10,""dual_mask_reg_weight"":0.01,""dual_mask_conflict_reg_enabled"":false,""dual_mask_conflict_ratio"":0.1,""dual_mask_conflict_strength"":0.5,""dual_mask_conflict_energy_adaptive"":true,""dual_mask_conflict_old_overlap_adaptive"":true,""dual_mask_private_conflict_mode"":""global"",""dual_mask_private_rank"":0}"
"96535db5a21e-R001","/Users/luxiaogen/Desktop/loda_logs/9-15/9_15_imgr10_conditional_onehot_3090.log","docs/experiments/raw/experiments/2026.09.26_实验查重_DM-B-260926-006/96535db5a2_9_15_imgr10_conditional_onehot_3090.log","96535db5a21edf0722adf958e567456de5d4143b147a854284e311141704d826","35","1309","ec967c4","3090","ImageNet_R","1993","imgr10_conditional_onehot_seed1993","T10","10","10","metrics_complete","9938fa3f0c8dccea5c9786b449746dc345b90b665aa5fe1900a5d2c194cfaa4d","87.079","82.28","81.87","86.18","5.86","96.95","5620.33","{""init_epoch"":20,""epochs"":20,""init_lr"":0.02,""lrate"":0.02,""ca_epochs"":5,""dual_mask_anchor_reg_weight"":10,""dual_mask_reg_weight"":0.01,""dual_mask_conflict_reg_enabled"":false,""dual_mask_conflict_ratio"":0.1,""dual_mask_conflict_strength"":0.5,""dual_mask_conflict_energy_adaptive"":true,""dual_mask_conflict_old_overlap_adaptive"":true,""dual_mask_private_conflict_mode"":""global"",""dual_mask_private_rank"":0}"
"327b5011fe0a-R001","/Users/luxiaogen/Desktop/loda_logs/9-15/9_15_imgr10_conservative_soft_5090.log","docs/experiments/raw/experiments/2026.09.26_实验查重_DM-B-260926-006/327b5011fe_9_15_imgr10_conservative_soft_5090.log","327b5011fe0ac5523d15ccbb49cecf7004929557a9c47911a8d78cb4beb56007","50","1325","847785c","5090","ImageNet_R","1993","imgr10_qkv_conservative_seed1993","T10","10","10","metrics_complete","976d9c0bffb78971c42bdde073ab8fe46bff461f9f4be0f71702381818c467ef","86.982","82.35","82.07","84.97","5.6344","96.37","3571.56","{""init_epoch"":20,""epochs"":20,""init_lr"":0.02,""lrate"":0.02,""ca_epochs"":5,""dual_mask_anchor_reg_weight"":10,""dual_mask_reg_weight"":0.01,""dual_mask_conflict_reg_enabled"":false,""dual_mask_conflict_ratio"":0.1,""dual_mask_conflict_strength"":0.5,""dual_mask_conflict_energy_adaptive"":true,""dual_mask_conflict_old_overlap_adaptive"":true,""dual_mask_private_conflict_mode"":""global"",""dual_mask_private_rank"":0}"
"32437499f48e-R001","/Users/luxiaogen/Desktop/loda_logs/9-15/9_15_imgr10_layerwise_budget_5090.log","docs/experiments/raw/experiments/2026.09.26_实验查重_DM-B-260926-006/32437499f4_9_15_imgr10_layerwise_budget_5090.log","32437499f48e7843f069f4ec30667231e736106ce6c518200b7d2c71f670e193","26","1289","2ea5f51","5090","ImageNet_R","1993","imgr10_uniform40_seed1993","T10","10","10","metrics_complete","ef1ee1827ebacdda1a6d653942918185da236d556374f2c9f46abec56877730d","87.04799999999999","82.27","81.7","87.56","6.4333","96.81","2870.79","{""init_epoch"":20,""epochs"":20,""init_lr"":0.02,""lrate"":0.02,""ca_epochs"":5,""dual_mask_anchor_reg_weight"":10,""dual_mask_reg_weight"":0.01,""dual_mask_conflict_reg_enabled"":false,""dual_mask_conflict_ratio"":0.1,""dual_mask_conflict_strength"":0.5,""dual_mask_conflict_energy_adaptive"":true,""dual_mask_conflict_old_overlap_adaptive"":true,""dual_mask_private_conflict_mode"":""global"",""dual_mask_private_rank"":0}"
"32437499f48e-R002","/Users/luxiaogen/Desktop/loda_logs/9-15/9_15_imgr10_layerwise_budget_5090.log","docs/experiments/raw/experiments/2026.09.26_实验查重_DM-B-260926-006/32437499f4_9_15_imgr10_layerwise_budget_5090.log","32437499f48e7843f069f4ec30667231e736106ce6c518200b7d2c71f670e193","1289","2537","2ea5f51","5090","ImageNet_R","1993","imgr10_shallow_high40_seed1993","T10","10","10","metrics_complete","b0e439f8a272e43bff804875e2cdf102882c483a0b1f4b254b24848d15ac37f6","86.95","81.98","81.33","88.08","6.8344","96.52","2794.05","{""init_epoch"":20,""epochs"":20,""init_lr"":0.02,""lrate"":0.02,""ca_epochs"":5,""dual_mask_anchor_reg_weight"":10,""dual_mask_reg_weight"":0.01,""dual_mask_conflict_reg_enabled"":false,""dual_mask_conflict_ratio"":0.1,""dual_mask_conflict_strength"":0.5,""dual_mask_conflict_energy_adaptive"":true,""dual_mask_conflict_old_overlap_adaptive"":true,""dual_mask_private_conflict_mode"":""global"",""dual_mask_private_rank"":0}"
"11ce76dec088-R001","/Users/luxiaogen/Desktop/loda_logs/9-15/9_15_imgr10_predicted_onehot_3090.log","docs/experiments/raw/experiments/2026.09.26_实验查重_DM-B-260926-006/11ce76dec0_9_15_imgr10_predicted_onehot_3090.log","11ce76dec088dfde827d7b1a765a0f91a36792a47d82ce262030dee10e8f3f04","35","1309","52bf142","3090","ImageNet_R","1993","imgr10_predicted_onehot_seed1993","T10","10","10","metrics_complete","9938fa3f0c8dccea5c9786b449746dc345b90b665aa5fe1900a5d2c194cfaa4d","87.115","82.47","82.07","86.18","5.5789","96.81","5454.63","{""init_epoch"":20,""epochs"":20,""init_lr"":0.02,""lrate"":0.02,""ca_epochs"":5,""dual_mask_anchor_reg_weight"":10,""dual_mask_reg_weight"":0.01,""dual_mask_conflict_reg_enabled"":false,""dual_mask_conflict_ratio"":0.1,""dual_mask_conflict_strength"":0.5,""dual_mask_conflict_energy_adaptive"":true,""dual_mask_conflict_old_overlap_adaptive"":true,""dual_mask_private_conflict_mode"":""global"",""dual_mask_private_rank"":0}"
"1cd1169a194b-R001","/Users/luxiaogen/Desktop/loda_logs/9-15/9_15_imgr10_qv_pair_3090.log","docs/experiments/raw/experiments/2026.09.26_实验查重_DM-B-260926-006/1cd1169a19_9_15_imgr10_qv_pair_3090.log","1cd1169a194b1ef4a79c67130971686c0d699a627831b3801cd885f32932821b","59","1313","847785c","3090","ImageNet_R","1993","imgr10_qkv_baseline_seed1993","T10","10","10","metrics_complete","c4902211838c2ff722adb332b8aaac9154b69c693410a695b0e390433fab388e","87.09299999999999","82.42","82.13","85.15","5.6567","96.66","4502.77","{""init_epoch"":20,""epochs"":20,""init_lr"":0.02,""lrate"":0.02,""ca_epochs"":5,""dual_mask_anchor_reg_weight"":10,""dual_mask_reg_weight"":0.01,""dual_mask_conflict_reg_enabled"":false,""dual_mask_conflict_ratio"":0.1,""dual_mask_conflict_strength"":0.5,""dual_mask_conflict_energy_adaptive"":true,""dual_mask_conflict_old_overlap_adaptive"":true,""dual_mask_private_conflict_mode"":""global"",""dual_mask_private_rank"":0}"
"1cd1169a194b-R002","/Users/luxiaogen/Desktop/loda_logs/9-15/9_15_imgr10_qv_pair_3090.log","docs/experiments/raw/experiments/2026.09.26_实验查重_DM-B-260926-006/1cd1169a19_9_15_imgr10_qv_pair_3090.log","1cd1169a194b1ef4a79c67130971686c0d699a627831b3801cd885f32932821b","1313","2556","847785c","3090","ImageNet_R","1993","imgr10_qv_all_seed1993","T10","10","10","metrics_complete","e877619256081f7188ba8aa45c695da1219bc7bac186ba64a7f9476f3f2fc796","86.917","82.22","81.94","84.8","5.5211","96.37","4507.74","{""init_epoch"":20,""epochs"":20,""init_lr"":0.02,""lrate"":0.02,""ca_epochs"":5,""dual_mask_anchor_reg_weight"":10,""dual_mask_reg_weight"":0.01,""dual_mask_conflict_reg_enabled"":false,""dual_mask_conflict_ratio"":0.1,""dual_mask_conflict_strength"":0.5,""dual_mask_conflict_energy_adaptive"":true,""dual_mask_conflict_old_overlap_adaptive"":true,""dual_mask_private_conflict_mode"":""global"",""dual_mask_private_rank"":0}"
"57be485435c1-R001","/Users/luxiaogen/Desktop/loda_logs/9-15/9_15_oracle_partition_3090_overnight.log","docs/experiments/raw/experiments/2026.09.26_实验查重_DM-B-260926-006/57be485435_9_15_oracle_partition_3090_overnight.log","57be485435c1617382ed7211baec9da84a9820245079060afbeb41ec30856eb4","36","1321","81d18db","3090","ImageNet_R","1993","imgr10_oracle_partition_seed1993_cross_device","T10","10","10","metrics_complete","9938fa3f0c8dccea5c9786b449746dc345b90b665aa5fe1900a5d2c194cfaa4d","87.037","82.48","82.03","86.7","5.5244","96.66","6105.26","{""init_epoch"":20,""epochs"":20,""init_lr"":0.02,""lrate"":0.02,""ca_epochs"":5,""dual_mask_anchor_reg_weight"":10,""dual_mask_reg_weight"":0.01,""dual_mask_conflict_reg_enabled"":false,""dual_mask_conflict_ratio"":0.1,""dual_mask_conflict_strength"":0.5,""dual_mask_conflict_energy_adaptive"":true,""dual_mask_conflict_old_overlap_adaptive"":true,""dual_mask_private_conflict_mode"":""global"",""dual_mask_private_rank"":0}"
"57be485435c1-R002","/Users/luxiaogen/Desktop/loda_logs/9-15/9_15_oracle_partition_3090_overnight.log","docs/experiments/raw/experiments/2026.09.26_实验查重_DM-B-260926-006/57be485435_9_15_oracle_partition_3090_overnight.log","57be485435c1617382ed7211baec9da84a9820245079060afbeb41ec30856eb4","1321","3757","81d18db","3090","ImageNet_R","1997","imgr20_oracle_partition_seed1997_primary","T20","20","20","metrics_complete","84b24e2ad7c7a7419d9e48ffe53b2cabe29cc8c35b4b7a1da6d2bf481839e46d","84.8005","80.43","79.95","89.76","7.4158","95.83","9651.76","{""init_epoch"":20,""epochs"":20,""init_lr"":0.02,""lrate"":0.02,""ca_epochs"":5,""dual_mask_anchor_reg_weight"":10,""dual_mask_reg_weight"":0.01,""dual_mask_conflict_reg_enabled"":false,""dual_mask_conflict_ratio"":0.1,""dual_mask_conflict_strength"":0.5,""dual_mask_conflict_energy_adaptive"":true,""dual_mask_conflict_old_overlap_adaptive"":true,""dual_mask_private_conflict_mode"":""global"",""dual_mask_private_rank"":0}"
"57be485435c1-R003","/Users/luxiaogen/Desktop/loda_logs/9-15/9_15_oracle_partition_3090_overnight.log","docs/experiments/raw/experiments/2026.09.26_实验查重_DM-B-260926-006/57be485435_9_15_oracle_partition_3090_overnight.log","57be485435c1617382ed7211baec9da84a9820245079060afbeb41ec30856eb4","3757","5029","81d18db","3090","ImageNet_R","1993","imgr10_oracle_partition_seed1993_repeat2","T10","10","10","metrics_complete","9938fa3f0c8dccea5c9786b449746dc345b90b665aa5fe1900a5d2c194cfaa4d","86.96799999999999","82.55","82.24","85.49","5.2656","96.37","6083.66","{""init_epoch"":20,""epochs"":20,""init_lr"":0.02,""lrate"":0.02,""ca_epochs"":5,""dual_mask_anchor_reg_weight"":10,""dual_mask_reg_weight"":0.01,""dual_mask_conflict_reg_enabled"":false,""dual_mask_conflict_ratio"":0.1,""dual_mask_conflict_strength"":0.5,""dual_mask_conflict_energy_adaptive"":true,""dual_mask_conflict_old_overlap_adaptive"":true,""dual_mask_private_conflict_mode"":""global"",""dual_mask_private_rank"":0}"
"1500e2e28c14-R001","/Users/luxiaogen/Desktop/loda_logs/9-15/9_15_p_conflict_oracle_3datasets_3seeds_5090.log","docs/experiments/raw/experiments/2026.09.26_实验查重_DM-B-260926-006/1500e2e28c_9_15_p_conflict_oracle_3datasets_3seeds_5090.log","1500e2e28c14eabcd5676b1fc8945c14f0ebec80b91a93d09414ba6a07216a09","40","1325","9b3b326","5090","CUB","1993","cub10_qkv_oracle_diagnostic_seed1993","T10","10","10","metrics_complete","f1a782719df37305a7ad89e9d2af92e262156e56158d7e218eb0727ea041f48d","93.64200000000001","90.08","90.32","87.83","4.5756","98.38","1508.73","{""init_epoch"":20,""epochs"":20,""init_lr"":0.005,""lrate"":0.005,""ca_epochs"":5,""dual_mask_anchor_reg_weight"":10,""dual_mask_reg_weight"":0.01,""dual_mask_conflict_reg_enabled"":false,""dual_mask_conflict_ratio"":0.1,""dual_mask_conflict_strength"":0.5,""dual_mask_conflict_energy_adaptive"":true,""dual_mask_conflict_old_overlap_adaptive"":true,""dual_mask_private_conflict_mode"":""global"",""dual_mask_private_rank"":0}"
"1500e2e28c14-R002","/Users/luxiaogen/Desktop/loda_logs/9-15/9_15_p_conflict_oracle_3datasets_3seeds_5090.log","docs/experiments/raw/experiments/2026.09.26_实验查重_DM-B-260926-006/1500e2e28c_9_15_p_conflict_oracle_3datasets_3seeds_5090.log","1500e2e28c14eabcd5676b1fc8945c14f0ebec80b91a93d09414ba6a07216a09","1325","2617","9b3b326","5090","CUB","1996","cub10_qkv_oracle_diagnostic_seed1996","T10","10","10","metrics_complete","ca1f8fe4043d5bc85b563904c49e60d5ab34cbf1bf6487d1c3473587df7dc9ec","94.623","90.5","91.12","85.06","4.05","100","1537.41","{""init_epoch"":20,""epochs"":20,""init_lr"":0.005,""lrate"":0.005,""ca_epochs"":5,""dual_mask_anchor_reg_weight"":10,""dual_mask_reg_weight"":0.01,""dual_mask_conflict_reg_enabled"":false,""dual_mask_conflict_ratio"":0.1,""dual_mask_conflict_strength"":0.5,""dual_mask_conflict_energy_adaptive"":true,""dual_mask_conflict_old_overlap_adaptive"":true,""dual_mask_private_conflict_mode"":""global"",""dual_mask_private_rank"":0}"
"1500e2e28c14-R003","/Users/luxiaogen/Desktop/loda_logs/9-15/9_15_p_conflict_oracle_3datasets_3seeds_5090.log","docs/experiments/raw/experiments/2026.09.26_实验查重_DM-B-260926-006/1500e2e28c_9_15_p_conflict_oracle_3datasets_3seeds_5090.log","1500e2e28c14eabcd5676b1fc8945c14f0ebec80b91a93d09414ba6a07216a09","2617","3903","9b3b326","5090","CUB","1997","cub10_qkv_oracle_diagnostic_seed1997","T10","10","10","metrics_complete","f0e67bbc53e5c8cefc564542ecffce21bf4b4b9d6ec82bb0a7416d4a6d721b0b","93.566","90.46","91.04","85.29","3.2967","96.55","1703.39","{""init_epoch"":20,""epochs"":20,""init_lr"":0.005,""lrate"":0.005,""ca_epochs"":5,""dual_mask_anchor_reg_weight"":10,""dual_mask_reg_weight"":0.01,""dual_mask_conflict_reg_enabled"":false,""dual_mask_conflict_ratio"":0.1,""dual_mask_conflict_strength"":0.5,""dual_mask_conflict_energy_adaptive"":true,""dual_mask_conflict_old_overlap_adaptive"":true,""dual_mask_private_conflict_mode"":""global"",""dual_mask_private_rank"":0}"
"1500e2e28c14-R004","/Users/luxiaogen/Desktop/loda_logs/9-15/9_15_p_conflict_oracle_3datasets_3seeds_5090.log","docs/experiments/raw/experiments/2026.09.26_实验查重_DM-B-260926-006/1500e2e28c_9_15_p_conflict_oracle_3datasets_3seeds_5090.log","1500e2e28c14eabcd5676b1fc8945c14f0ebec80b91a93d09414ba6a07216a09","3903","5193","9b3b326","5090","ImageNet_R","1993","imgr10_qkv_oracle_diagnostic_seed1993","T10","10","10","metrics_complete","976d9c0bffb78971c42bdde073ab8fe46bff461f9f4be0f71702381818c467ef","87.015","82.45","82.07","86.01","5.5856","96.81","3969.24","{""init_epoch"":20,""epochs"":20,""init_lr"":0.02,""lrate"":0.02,""ca_epochs"":5,""dual_mask_anchor_reg_weight"":10,""dual_mask_reg_weight"":0.01,""dual_mask_conflict_reg_enabled"":false,""dual_mask_conflict_ratio"":0.1,""dual_mask_conflict_strength"":0.5,""dual_mask_conflict_energy_adaptive"":true,""dual_mask_conflict_old_overlap_adaptive"":true,""dual_mask_private_conflict_mode"":""global"",""dual_mask_private_rank"":0}"
"1500e2e28c14-R005","/Users/luxiaogen/Desktop/loda_logs/9-15/9_15_p_conflict_oracle_3datasets_3seeds_5090.log","docs/experiments/raw/experiments/2026.09.26_实验查重_DM-B-260926-006/1500e2e28c_9_15_p_conflict_oracle_3datasets_3seeds_5090.log","1500e2e28c14eabcd5676b1fc8945c14f0ebec80b91a93d09414ba6a07216a09","5193","6482","9b3b326","5090","ImageNet_R","1996","imgr10_qkv_oracle_diagnostic_seed1996","T10","10","10","metrics_complete","47843259d67427c19281765c39a649031e308ff05ed20569abbc612d53f03116","86.57499999999999","82.17","81.53","87.83","7.2278","94.55","3942.06","{""init_epoch"":20,""epochs"":20,""init_lr"":0.02,""lrate"":0.02,""ca_epochs"":5,""dual_mask_anchor_reg_weight"":10,""dual_mask_reg_weight"":0.01,""dual_mask_conflict_reg_enabled"":false,""dual_mask_conflict_ratio"":0.1,""dual_mask_conflict_strength"":0.5,""dual_mask_conflict_energy_adaptive"":true,""dual_mask_conflict_old_overlap_adaptive"":true,""dual_mask_private_conflict_mode"":""global"",""dual_mask_private_rank"":0}"
"1500e2e28c14-R006","/Users/luxiaogen/Desktop/loda_logs/9-15/9_15_p_conflict_oracle_3datasets_3seeds_5090.log","docs/experiments/raw/experiments/2026.09.26_实验查重_DM-B-260926-006/1500e2e28c_9_15_p_conflict_oracle_3datasets_3seeds_5090.log","1500e2e28c14eabcd5676b1fc8945c14f0ebec80b91a93d09414ba6a07216a09","6482","7766","9b3b326","5090","ImageNet_R","1997","imgr10_qkv_oracle_diagnostic_seed1997","T10","10","10","metrics_complete","295b5cef94e3c102a62c4aaa252468d14018151ae67a7fa30e6bacf09a35dd77","86.363","82.33","81.6","89.12","6.59","95.69","3864.76","{""init_epoch"":20,""epochs"":20,""init_lr"":0.02,""lrate"":0.02,""ca_epochs"":5,""dual_mask_anchor_reg_weight"":10,""dual_mask_reg_weight"":0.01,""dual_mask_conflict_reg_enabled"":false,""dual_mask_conflict_ratio"":0.1,""dual_mask_conflict_strength"":0.5,""dual_mask_conflict_energy_adaptive"":true,""dual_mask_conflict_old_overlap_adaptive"":true,""dual_mask_private_conflict_mode"":""global"",""dual_mask_private_rank"":0}"
"1500e2e28c14-R007","/Users/luxiaogen/Desktop/loda_logs/9-15/9_15_p_conflict_oracle_3datasets_3seeds_5090.log","docs/experiments/raw/experiments/2026.09.26_实验查重_DM-B-260926-006/1500e2e28c_9_15_p_conflict_oracle_3datasets_3seeds_5090.log","1500e2e28c14eabcd5676b1fc8945c14f0ebec80b91a93d09414ba6a07216a09","7766","9052","9b3b326","5090","ImageNet_A","1993","imga10_qkv_oracle_diagnostic_seed1993","T10","10","10","metrics_complete","9d8dfb1fdb5f9c0624095b26513b45850aaea1baa507f76331b12617931104fd","74.829","65.57","65.09","70.97","11.3856","86.86","1110.18","{""init_epoch"":20,""epochs"":20,""init_lr"":0.01,""lrate"":0.01,""ca_epochs"":5,""dual_mask_anchor_reg_weight"":10,""dual_mask_reg_weight"":0.01,""dual_mask_conflict_reg_enabled"":false,""dual_mask_conflict_ratio"":0.1,""dual_mask_conflict_strength"":0.5,""dual_mask_conflict_energy_adaptive"":true,""dual_mask_conflict_old_overlap_adaptive"":true,""dual_mask_private_conflict_mode"":""global"",""dual_mask_private_rank"":0}"
"1500e2e28c14-R008","/Users/luxiaogen/Desktop/loda_logs/9-15/9_15_p_conflict_oracle_3datasets_3seeds_5090.log","docs/experiments/raw/experiments/2026.09.26_实验查重_DM-B-260926-006/1500e2e28c_9_15_p_conflict_oracle_3datasets_3seeds_5090.log","1500e2e28c14eabcd5676b1fc8945c14f0ebec80b91a93d09414ba6a07216a09","9052","10339","9b3b326","5090","ImageNet_A","1996","imga10_qkv_oracle_diagnostic_seed1996","T10","10","10","metrics_complete","919e5ed24188d6cc6188545af649840fcbe624ee70aae3ac43561e78cac2b0fa","73.27400000000002","65.96","64.74","73.79","11.8989","86.34","1134.07","{""init_epoch"":20,""epochs"":20,""init_lr"":0.01,""lrate"":0.01,""ca_epochs"":5,""dual_mask_anchor_reg_weight"":10,""dual_mask_reg_weight"":0.01,""dual_mask_conflict_reg_enabled"":false,""dual_mask_conflict_ratio"":0.1,""dual_mask_conflict_strength"":0.5,""dual_mask_conflict_energy_adaptive"":true,""dual_mask_conflict_old_overlap_adaptive"":true,""dual_mask_private_conflict_mode"":""global"",""dual_mask_private_rank"":0}"
"1500e2e28c14-R009","/Users/luxiaogen/Desktop/loda_logs/9-15/9_15_p_conflict_oracle_3datasets_3seeds_5090.log","docs/experiments/raw/experiments/2026.09.26_实验查重_DM-B-260926-006/1500e2e28c_9_15_p_conflict_oracle_3datasets_3seeds_5090.log","1500e2e28c14eabcd5676b1fc8945c14f0ebec80b91a93d09414ba6a07216a09","10339","11615","9b3b326","5090","ImageNet_A","1997","imga10_qkv_oracle_diagnostic_seed1997","T10","10","10","metrics_complete","c50420b306c17ad3f890da7f52f110dd95c4e1a03a6a906fd843cd9a36f53525","72.388","65.11","63.2","78.24","12.0111","84.67","1105.5","{""init_epoch"":20,""epochs"":20,""init_lr"":0.01,""lrate"":0.01,""ca_epochs"":5,""dual_mask_anchor_reg_weight"":10,""dual_mask_reg_weight"":0.01,""dual_mask_conflict_reg_enabled"":false,""dual_mask_conflict_ratio"":0.1,""dual_mask_conflict_strength"":0.5,""dual_mask_conflict_energy_adaptive"":true,""dual_mask_conflict_old_overlap_adaptive"":true,""dual_mask_private_conflict_mode"":""global"",""dual_mask_private_rank"":0}"
"4bc0f612c0c1-R001","/Users/luxiaogen/Desktop/loda_logs/9-16/9_15_oracle_partition_5090_overnight.log","docs/experiments/raw/experiments/2026.09.26_实验查重_DM-B-260926-006/4bc0f612c0_9_15_oracle_partition_5090_overnight.log","4bc0f612c0c18db016fd92f0952b3ed8b2ac6c52182cecce9a2b7b836b7edead","51","1757","81d18db","5090","ImageNet_R","1996","imgr10_oracle_partition_seed1996","T10","10","10","metrics_complete","1a855fd069750bbcce8e5cf78b9d5ae0c4131f71bc3e2779da90af1d9b610a99","86.498","82.07","81.49","87.17","7.2467","94.55","3970.44","{""init_epoch"":20,""epochs"":20,""init_lr"":0.02,""lrate"":0.02,""ca_epochs"":5,""dual_mask_anchor_reg_weight"":10,""dual_mask_reg_weight"":0.01,""dual_mask_conflict_reg_enabled"":false,""dual_mask_conflict_ratio"":0.1,""dual_mask_conflict_strength"":0.5,""dual_mask_conflict_energy_adaptive"":true,""dual_mask_conflict_old_overlap_adaptive"":true,""dual_mask_private_conflict_mode"":""global"",""dual_mask_private_rank"":0}"
"4bc0f612c0c1-R002","/Users/luxiaogen/Desktop/loda_logs/9-16/9_15_oracle_partition_5090_overnight.log","docs/experiments/raw/experiments/2026.09.26_实验查重_DM-B-260926-006/4bc0f612c0_9_15_oracle_partition_5090_overnight.log","4bc0f612c0c18db016fd92f0952b3ed8b2ac6c52182cecce9a2b7b836b7edead","1757","3460","81d18db","5090","ImageNet_R","1997","imgr10_oracle_partition_seed1997","T10","10","10","metrics_complete;section_error_review","ff7ec28cd7369a909fa6b404a9a90c1da160a81f976ef5ae71e53ebd6c1d0343","86.53299999999999","82.77","81.93","90.48","6.3322","95.32","3862.16","{""init_epoch"":20,""epochs"":20,""init_lr"":0.02,""lrate"":0.02,""ca_epochs"":5,""dual_mask_anchor_reg_weight"":10,""dual_mask_reg_weight"":0.01,""dual_mask_conflict_reg_enabled"":false,""dual_mask_conflict_ratio"":0.1,""dual_mask_conflict_strength"":0.5,""dual_mask_conflict_energy_adaptive"":true,""dual_mask_conflict_old_overlap_adaptive"":true,""dual_mask_private_conflict_mode"":""global"",""dual_mask_private_rank"":0}"
"90fa88c0c88b-R001","/Users/luxiaogen/Desktop/loda_logs/9-16/9_16_candidate_union_diagnostic_3090.log","docs/experiments/raw/experiments/2026.09.26_实验查重_DM-B-260926-006/90fa88c0c8_9_16_candidate_union_diagnostic_3090.log","90fa88c0c88b95b2221cee030ad2ca63d668baa5b18b9976095116d0a1741af6","29","1296","","3090","ImageNet_R","1993","imgr10_candidate_union_diagnostic_seed1993","T10","10","10","metrics_complete","9938fa3f0c8dccea5c9786b449746dc345b90b665aa5fe1900a5d2c194cfaa4d","86.97","82.43","82.09","85.66","5.6056","96.52","6338.68","{""init_epoch"":20,""epochs"":20,""init_lr"":0.02,""lrate"":0.02,""ca_epochs"":5,""dual_mask_anchor_reg_weight"":10,""dual_mask_reg_weight"":0.01,""dual_mask_conflict_reg_enabled"":false,""dual_mask_conflict_ratio"":0.1,""dual_mask_conflict_strength"":0.5,""dual_mask_conflict_energy_adaptive"":true,""dual_mask_conflict_old_overlap_adaptive"":true,""dual_mask_private_conflict_mode"":""global"",""dual_mask_private_rank"":0}"
"a2842bbb3f31-R001","/Users/luxiaogen/Desktop/loda_logs/9-16/9_16_candidate_union_diagnostic_5090.log","docs/experiments/raw/experiments/2026.09.26_实验查重_DM-B-260926-006/a2842bbb3f_9_16_candidate_union_diagnostic_5090.log","a2842bbb3f311588d829353d921ad13ae22afad2975f352a5a76ac769ff1f913","29","2451","","5090","ImageNet_R","1993","imgr20_candidate_union_diagnostic_seed1993","T20","20","20","metrics_complete","02f91f1c9e8528a928dc1c025b3ee0f363e4b2cb800246e3ce4222fc00d79747","85.78800000000001","80.83","80.59","85.98","6.3568","96.85","7592.86","{""init_epoch"":20,""epochs"":20,""init_lr"":0.02,""lrate"":0.02,""ca_epochs"":5,""dual_mask_anchor_reg_weight"":10,""dual_mask_reg_weight"":0.01,""dual_mask_conflict_reg_enabled"":false,""dual_mask_conflict_ratio"":0.1,""dual_mask_conflict_strength"":0.5,""dual_mask_conflict_energy_adaptive"":true,""dual_mask_conflict_old_overlap_adaptive"":true,""dual_mask_private_conflict_mode"":""global"",""dual_mask_private_rank"":0}"
"3527b33b6941-R001","/Users/luxiaogen/Desktop/loda_logs/9-16/9_16_imgr10_top2_counterfactual_3090.log","docs/experiments/raw/experiments/2026.09.26_实验查重_DM-B-260926-006/3527b33b69_9_16_imgr10_top2_counterfactual_3090.log","3527b33b6941f226d4bce41fd89d8417be42e7a97cff26c06639b9910a87f4c7","29","1297","","3090","ImageNet_R","1993","imgr10_top2_counterfactual_seed1993","T10","10","10","metrics_complete","9938fa3f0c8dccea5c9786b449746dc345b90b665aa5fe1900a5d2c194cfaa4d","87.102","82.48","82.11","86.01","5.5322","96.66","6115.48","{""init_epoch"":20,""epochs"":20,""init_lr"":0.02,""lrate"":0.02,""ca_epochs"":5,""dual_mask_anchor_reg_weight"":10,""dual_mask_reg_weight"":0.01,""dual_mask_conflict_reg_enabled"":false,""dual_mask_conflict_ratio"":0.1,""dual_mask_conflict_strength"":0.5,""dual_mask_conflict_energy_adaptive"":true,""dual_mask_conflict_old_overlap_adaptive"":true,""dual_mask_private_conflict_mode"":""global"",""dual_mask_private_rank"":0}"
"1a48bfc6cc54-R001","/Users/luxiaogen/Desktop/loda_logs/9-16/9_16_imgr10_top2_top_class_gain_3090_seed1993.log","docs/experiments/raw/experiments/2026.09.26_实验查重_DM-B-260926-006/1a48bfc6cc_9_16_imgr10_top2_top_class_gain_3090_seed1993.log","1a48bfc6cc548d335dc111693fbfb17e25f90e60fb4e1849613def00ddd323eb","29","1297","","3090","ImageNet_R","1993","imgr10_top2_top_class_gain_seed1993","T10","10","10","metrics_complete","9938fa3f0c8dccea5c9786b449746dc345b90b665aa5fe1900a5d2c194cfaa4d","86.928","82.63","82.24","86.36","5.3033","96.23","6509.42","{""init_epoch"":20,""epochs"":20,""init_lr"":0.02,""lrate"":0.02,""ca_epochs"":5,""dual_mask_anchor_reg_weight"":10,""dual_mask_reg_weight"":0.01,""dual_mask_conflict_reg_enabled"":false,""dual_mask_conflict_ratio"":0.1,""dual_mask_conflict_strength"":0.5,""dual_mask_conflict_energy_adaptive"":true,""dual_mask_conflict_old_overlap_adaptive"":true,""dual_mask_private_conflict_mode"":""global"",""dual_mask_private_rank"":0}"
"a746a2acba8b-R001","/Users/luxiaogen/Desktop/loda_logs/9-16/9_16_imgr10_top2_top_class_gain_partition_5090.log","docs/experiments/raw/experiments/2026.09.26_实验查重_DM-B-260926-006/a746a2acba_9_16_imgr10_top2_top_class_gain_partition_5090.log","a746a2acba8b6e8b99e252d671d473b83757be929fc7c520d9bfba5eeaf874fa","29","1297","","5090","ImageNet_R","1993","imgr10_top2_top_class_gain_seed1993","T10","10","10","metrics_complete","9938fa3f0c8dccea5c9786b449746dc345b90b665aa5fe1900a5d2c194cfaa4d","87.002","82.53","82.14","86.18","5.3244","96.52","4562.43","{""init_epoch"":20,""epochs"":20,""init_lr"":0.02,""lrate"":0.02,""ca_epochs"":5,""dual_mask_anchor_reg_weight"":10,""dual_mask_reg_weight"":0.01,""dual_mask_conflict_reg_enabled"":false,""dual_mask_conflict_ratio"":0.1,""dual_mask_conflict_strength"":0.5,""dual_mask_conflict_energy_adaptive"":true,""dual_mask_conflict_old_overlap_adaptive"":true,""dual_mask_private_conflict_mode"":""global"",""dual_mask_private_rank"":0}"
"f4e898fab9c6-R001","/Users/luxiaogen/Desktop/loda_logs/9-16/9_16_imgr10_top2_top_class_gain_seed1993.log","docs/experiments/raw/experiments/2026.09.26_实验查重_DM-B-260926-006/f4e898fab9_9_16_imgr10_top2_top_class_gain_seed1993.log","f4e898fab9c63081417e304334faa510fc7c964ca714550bff46c3c717a95b4d","29","1299","","","ImageNet_R","1993","imgr10_top2_top_class_gain_seed1993","T10","10","10","metrics_complete","9938fa3f0c8dccea5c9786b449746dc345b90b665aa5fe1900a5d2c194cfaa4d","86.943","82.6","82.22","86.18","5.1256","96.81","4570.11","{""init_epoch"":20,""epochs"":20,""init_lr"":0.02,""lrate"":0.02,""ca_epochs"":5,""dual_mask_anchor_reg_weight"":10,""dual_mask_reg_weight"":0.01,""dual_mask_conflict_reg_enabled"":false,""dual_mask_conflict_ratio"":0.1,""dual_mask_conflict_strength"":0.5,""dual_mask_conflict_energy_adaptive"":true,""dual_mask_conflict_old_overlap_adaptive"":true,""dual_mask_private_conflict_mode"":""global"",""dual_mask_private_rank"":0}"
"62cc935c7ab7-R001","/Users/luxiaogen/Desktop/loda_logs/9-16/9_16_oracle_partition_5090_t20_seed1993.log","docs/experiments/raw/experiments/2026.09.26_实验查重_DM-B-260926-006/62cc935c7a_9_16_oracle_partition_5090_t20_seed1993.log","62cc935c7ab7da37a72c017642a748a8aea896414cb04fada572dc6dfb9ddf41","39","2465","6038266","5090","ImageNet_R","1993","imgr20_oracle_partition_seed1993","T20","20","20","metrics_complete","02f91f1c9e8528a928dc1c025b3ee0f363e4b2cb800246e3ce4222fc00d79747","85.763","80.92","80.66","86.35","6.3942","96.85","6623.3","{""init_epoch"":20,""epochs"":20,""init_lr"":0.02,""lrate"":0.02,""ca_epochs"":5,""dual_mask_anchor_reg_weight"":10,""dual_mask_reg_weight"":0.01,""dual_mask_conflict_reg_enabled"":false,""dual_mask_conflict_ratio"":0.1,""dual_mask_conflict_strength"":0.5,""dual_mask_conflict_energy_adaptive"":true,""dual_mask_conflict_old_overlap_adaptive"":true,""dual_mask_private_conflict_mode"":""global"",""dual_mask_private_rank"":0}"
"f0f4a6ff8748-R001","/Users/luxiaogen/Desktop/loda_logs/9-16/9_16_top2_oracle_diagnostic_3090.log","docs/experiments/raw/experiments/2026.09.26_实验查重_DM-B-260926-006/f0f4a6ff87_9_16_top2_oracle_diagnostic_3090.log","f0f4a6ff8748cfe645c2bba2602cd1b6d92ad22d5eb0d9711b45f1e71507990a","29","1299","","3090","ImageNet_R","1993","imgr10_top2_oracle_diagnostic_seed1993","T10","10","10","metrics_complete","9938fa3f0c8dccea5c9786b449746dc345b90b665aa5fe1900a5d2c194cfaa4d","87.11800000000001","82.6","82.22","86.18","5.6156","96.66","6408.43","{""init_epoch"":20,""epochs"":20,""init_lr"":0.02,""lrate"":0.02,""ca_epochs"":5,""dual_mask_anchor_reg_weight"":10,""dual_mask_reg_weight"":0.01,""dual_mask_conflict_reg_enabled"":false,""dual_mask_conflict_ratio"":0.1,""dual_mask_conflict_strength"":0.5,""dual_mask_conflict_energy_adaptive"":true,""dual_mask_conflict_old_overlap_adaptive"":true,""dual_mask_private_conflict_mode"":""global"",""dual_mask_private_rank"":0}"
"7732a46ab47c-R001","/Users/luxiaogen/Desktop/loda_logs/9-16/9_16_top2_oracle_diagnostic_5090.log","docs/experiments/raw/experiments/2026.09.26_实验查重_DM-B-260926-006/7732a46ab4_9_16_top2_oracle_diagnostic_5090.log","7732a46ab47c05fdfd79a86a02555deace489eed43dffac2b85180035b31aa9c","29","2450","","5090","ImageNet_R","1993","imgr20_top2_oracle_diagnostic_seed1993","T20","20","20","metrics_complete","02f91f1c9e8528a928dc1c025b3ee0f363e4b2cb800246e3ce4222fc00d79747","85.76","80.9","80.68","85.61","6.3368","96.85","7506.23","{""init_epoch"":20,""epochs"":20,""init_lr"":0.02,""lrate"":0.02,""ca_epochs"":5,""dual_mask_anchor_reg_weight"":10,""dual_mask_reg_weight"":0.01,""dual_mask_conflict_reg_enabled"":false,""dual_mask_conflict_ratio"":0.1,""dual_mask_conflict_strength"":0.5,""dual_mask_conflict_energy_adaptive"":true,""dual_mask_conflict_old_overlap_adaptive"":true,""dual_mask_private_conflict_mode"":""global"",""dual_mask_private_rank"":0}"
"e36db665d62c-R001","/Users/luxiaogen/Desktop/loda_logs/9-17/9_17_imgr10_p_conflict_merge_filter_5090.log","docs/experiments/raw/experiments/2026.09.26_实验查重_DM-B-260926-006/e36db665d6_9_17_imgr10_p_conflict_merge_filter_5090.log","e36db665d62c4309183d4b6f7eb0412c142340a2129f776c019c0ab28888c309","17","1380","","5090","ImageNet_R","1993","imgr10_p_conflict_merge_filter_seed1993","T10","10","10","metrics_complete","14e23a2ca628a28e652a432afd8a0cb6952a3ea9fea64abb73b36920581061ee","86.86500000000001","82.4","82.05","85.66","5.4789","96.52","3486.49","{""init_epoch"":20,""epochs"":20,""init_lr"":0.02,""lrate"":0.02,""ca_epochs"":5,""dual_mask_anchor_reg_weight"":10,""dual_mask_reg_weight"":0.01,""dual_mask_conflict_reg_enabled"":false,""dual_mask_conflict_ratio"":0.1,""dual_mask_conflict_strength"":0.5,""dual_mask_conflict_energy_adaptive"":true,""dual_mask_conflict_old_overlap_adaptive"":true,""dual_mask_private_conflict_mode"":""global"",""dual_mask_private_rank"":0}"
"21f151f63689-R001","/Users/luxiaogen/Desktop/loda_logs/9-17/9_17_imgr10_w0_prototype_consistency_3090_seed1993.log","docs/experiments/raw/experiments/2026.09.26_实验查重_DM-B-260926-006/21f151f636_9_17_imgr10_w0_prototype_consistency_3090_seed1993.log","21f151f63689e4473e3de9c6fc2129d60c2a465094e75d03de512cf379e99697","29","1297","","3090","ImageNet_R","1993","imgr10_w0_prototype_consistency_seed1993","T10","10","10","metrics_complete","9938fa3f0c8dccea5c9786b449746dc345b90b665aa5fe1900a5d2c194cfaa4d","87.08200000000001","82.73","82.42","85.66","5.2622","96.52","6561.84","{""init_epoch"":20,""epochs"":20,""init_lr"":0.02,""lrate"":0.02,""ca_epochs"":5,""dual_mask_anchor_reg_weight"":10,""dual_mask_reg_weight"":0.01,""dual_mask_conflict_reg_enabled"":false,""dual_mask_conflict_ratio"":0.1,""dual_mask_conflict_strength"":0.5,""dual_mask_conflict_energy_adaptive"":true,""dual_mask_conflict_old_overlap_adaptive"":true,""dual_mask_private_conflict_mode"":""global"",""dual_mask_private_rank"":0}"
"a17c7e05a300-R001","/Users/luxiaogen/Desktop/loda_logs/9-17/9_17_imgr10_w0_prototype_consistency_5090_seed1993.log","docs/experiments/raw/experiments/2026.09.26_实验查重_DM-B-260926-006/a17c7e05a3_9_17_imgr10_w0_prototype_consistency_5090_seed1993.log","a17c7e05a3003de416f6fa246cc163e545f909e965ff42ef838d065c6d8098ad","29","1299","","5090","ImageNet_R","1993","imgr10_w0_prototype_consistency_seed1993","T10","10","10","metrics_complete","9938fa3f0c8dccea5c9786b449746dc345b90b665aa5fe1900a5d2c194cfaa4d","87.04799999999999","82.6","82.18","86.53","5.3711","96.52","4644.95","{""init_epoch"":20,""epochs"":20,""init_lr"":0.02,""lrate"":0.02,""ca_epochs"":5,""dual_mask_anchor_reg_weight"":10,""dual_mask_reg_weight"":0.01,""dual_mask_conflict_reg_enabled"":false,""dual_mask_conflict_ratio"":0.1,""dual_mask_conflict_strength"":0.5,""dual_mask_conflict_energy_adaptive"":true,""dual_mask_conflict_old_overlap_adaptive"":true,""dual_mask_private_conflict_mode"":""global"",""dual_mask_private_rank"":0}"
"4ff2ba2fbbfa-R001","/Users/luxiaogen/Desktop/loda_logs/9-17/9_17_task_consistency_3090_overnight.log","docs/experiments/raw/experiments/2026.09.26_实验查重_DM-B-260926-006/4ff2ba2fbb_9_17_task_consistency_3090_overnight.log","4ff2ba2fbbfa6357029741c95de2cd979800466e3ccaf02551bd949a2775023b","36","1325","cbf34a0","3090","ImageNet_R","1993","imgr10_task_consistency_seed1993","T10","10","10","metrics_complete","976d9c0bffb78971c42bdde073ab8fe46bff461f9f4be0f71702381818c467ef","86.925","82.23","81.92","85.15","5.6444","96.23","6498.08","{""init_epoch"":20,""epochs"":20,""init_lr"":0.02,""lrate"":0.02,""ca_epochs"":5,""dual_mask_anchor_reg_weight"":10,""dual_mask_reg_weight"":0.01,""dual_mask_conflict_reg_enabled"":false,""dual_mask_conflict_ratio"":0.1,""dual_mask_conflict_strength"":0.5,""dual_mask_conflict_energy_adaptive"":true,""dual_mask_conflict_old_overlap_adaptive"":true,""dual_mask_private_conflict_mode"":""global"",""dual_mask_private_rank"":0}"
"4ff2ba2fbbfa-R002","/Users/luxiaogen/Desktop/loda_logs/9-17/9_17_task_consistency_3090_overnight.log","docs/experiments/raw/experiments/2026.09.26_实验查重_DM-B-260926-006/4ff2ba2fbb_9_17_task_consistency_3090_overnight.log","4ff2ba2fbbfa6357029741c95de2cd979800466e3ccaf02551bd949a2775023b","1325","3760","cbf34a0","3090","ImageNet_R","1993","imgr20_task_consistency_seed1993","T20","20","20","metrics_complete","273c5251cf129987ab903b16d3bea093630aa33b59eda57484386efd90519c18","85.75450000000001","80.68","80.47","85.24","6.4347","96.53","10880.88","{""init_epoch"":20,""epochs"":20,""init_lr"":0.02,""lrate"":0.02,""ca_epochs"":5,""dual_mask_anchor_reg_weight"":10,""dual_mask_reg_weight"":0.01,""dual_mask_conflict_reg_enabled"":false,""dual_mask_conflict_ratio"":0.1,""dual_mask_conflict_strength"":0.5,""dual_mask_conflict_energy_adaptive"":true,""dual_mask_conflict_old_overlap_adaptive"":true,""dual_mask_private_conflict_mode"":""global"",""dual_mask_private_rank"":0}"
"4ff2ba2fbbfa-R003","/Users/luxiaogen/Desktop/loda_logs/9-17/9_17_task_consistency_3090_overnight.log","docs/experiments/raw/experiments/2026.09.26_实验查重_DM-B-260926-006/4ff2ba2fbb_9_17_task_consistency_3090_overnight.log","4ff2ba2fbbfa6357029741c95de2cd979800466e3ccaf02551bd949a2775023b","3760","6195","cbf34a0","3090","ImageNet_R","1996","imgr20_task_consistency_seed1996","T20","20","20","metrics_complete","6ab034da7d4450bbdabce62d48ae828e7a675720746c9ab4212a11104dd0a815","84.861","80.27","79.79","88.36","7.7047","94.2","10696.19","{""init_epoch"":20,""epochs"":20,""init_lr"":0.02,""lrate"":0.02,""ca_epochs"":5,""dual_mask_anchor_reg_weight"":10,""dual_mask_reg_weight"":0.01,""dual_mask_conflict_reg_enabled"":false,""dual_mask_conflict_ratio"":0.1,""dual_mask_conflict_strength"":0.5,""dual_mask_conflict_energy_adaptive"":true,""dual_mask_conflict_old_overlap_adaptive"":true,""dual_mask_private_conflict_mode"":""global"",""dual_mask_private_rank"":0}"
"4ff2ba2fbbfa-R004","/Users/luxiaogen/Desktop/loda_logs/9-17/9_17_task_consistency_3090_overnight.log","docs/experiments/raw/experiments/2026.09.26_实验查重_DM-B-260926-006/4ff2ba2fbb_9_17_task_consistency_3090_overnight.log","4ff2ba2fbbfa6357029741c95de2cd979800466e3ccaf02551bd949a2775023b","6195","8617","cbf34a0","3090","ImageNet_R","1997","imgr20_task_consistency_seed1997","T20","20","20","metrics_complete","0a04b4bbe555f5dff7751988c1c4d48ab25f30b9073f20cf825d02f661bd3a1f","84.86800000000001","80.73","80.3","89.08","6.9284","96.21","10465.63","{""init_epoch"":20,""epochs"":20,""init_lr"":0.02,""lrate"":0.02,""ca_epochs"":5,""dual_mask_anchor_reg_weight"":10,""dual_mask_reg_weight"":0.01,""dual_mask_conflict_reg_enabled"":false,""dual_mask_conflict_ratio"":0.1,""dual_mask_conflict_strength"":0.5,""dual_mask_conflict_energy_adaptive"":true,""dual_mask_conflict_old_overlap_adaptive"":true,""dual_mask_private_conflict_mode"":""global"",""dual_mask_private_rank"":0}"
"b3694f8f9439-R001","/Users/luxiaogen/Desktop/loda_logs/9-17/9_17_task_consistency_5090_overnight.log","docs/experiments/raw/experiments/2026.09.26_实验查重_DM-B-260926-006/b3694f8f94_9_17_task_consistency_5090_overnight.log","b3694f8f9439c47135605d1140f402d42bb6e88aad2afb4407b1d28cff07695a","43","1330","cbf34a0","5090","ImageNet_R","1993","imgr10_task_consistency_seed1993","T10","10","10","metrics_complete","976d9c0bffb78971c42bdde073ab8fe46bff461f9f4be0f71702381818c467ef","86.97800000000001","82.45","82.11","85.66","5.3889","96.23","4136.07","{""init_epoch"":20,""epochs"":20,""init_lr"":0.02,""lrate"":0.02,""ca_epochs"":5,""dual_mask_anchor_reg_weight"":10,""dual_mask_reg_weight"":0.01,""dual_mask_conflict_reg_enabled"":false,""dual_mask_conflict_ratio"":0.1,""dual_mask_conflict_strength"":0.5,""dual_mask_conflict_energy_adaptive"":true,""dual_mask_conflict_old_overlap_adaptive"":true,""dual_mask_private_conflict_mode"":""global"",""dual_mask_private_rank"":0}"
"b3694f8f9439-R002","/Users/luxiaogen/Desktop/loda_logs/9-17/9_17_task_consistency_5090_overnight.log","docs/experiments/raw/experiments/2026.09.26_实验查重_DM-B-260926-006/b3694f8f94_9_17_task_consistency_5090_overnight.log","b3694f8f9439c47135605d1140f402d42bb6e88aad2afb4407b1d28cff07695a","1330","2614","cbf34a0","5090","ImageNet_R","1996","imgr10_task_consistency_seed1996","T10","10","10","metrics_complete","47843259d67427c19281765c39a649031e308ff05ed20569abbc612d53f03116","86.60499999999999","82.02","81.44","87.17","7.4233","95","4064.22","{""init_epoch"":20,""epochs"":20,""init_lr"":0.02,""lrate"":0.02,""ca_epochs"":5,""dual_mask_anchor_reg_weight"":10,""dual_mask_reg_weight"":0.01,""dual_mask_conflict_reg_enabled"":false,""dual_mask_conflict_ratio"":0.1,""dual_mask_conflict_strength"":0.5,""dual_mask_conflict_energy_adaptive"":true,""dual_mask_conflict_old_overlap_adaptive"":true,""dual_mask_private_conflict_mode"":""global"",""dual_mask_private_rank"":0}"
"b3694f8f9439-R003","/Users/luxiaogen/Desktop/loda_logs/9-17/9_17_task_consistency_5090_overnight.log","docs/experiments/raw/experiments/2026.09.26_实验查重_DM-B-260926-006/b3694f8f94_9_17_task_consistency_5090_overnight.log","b3694f8f9439c47135605d1140f402d42bb6e88aad2afb4407b1d28cff07695a","2614","3898","cbf34a0","5090","ImageNet_R","1997","imgr10_task_consistency_seed1997","T10","10","10","metrics_complete","295b5cef94e3c102a62c4aaa252468d14018151ae67a7fa30e6bacf09a35dd77","86.406","82.3","81.45","90.14","6.7611","95.32","4040.32","{""init_epoch"":20,""epochs"":20,""init_lr"":0.02,""lrate"":0.02,""ca_epochs"":5,""dual_mask_anchor_reg_weight"":10,""dual_mask_reg_weight"":0.01,""dual_mask_conflict_reg_enabled"":false,""dual_mask_conflict_ratio"":0.1,""dual_mask_conflict_strength"":0.5,""dual_mask_conflict_energy_adaptive"":true,""dual_mask_conflict_old_overlap_adaptive"":true,""dual_mask_private_conflict_mode"":""global"",""dual_mask_private_rank"":0}"
"b3694f8f9439-R004","/Users/luxiaogen/Desktop/loda_logs/9-17/9_17_task_consistency_5090_overnight.log","docs/experiments/raw/experiments/2026.09.26_实验查重_DM-B-260926-006/b3694f8f94_9_17_task_consistency_5090_overnight.log","b3694f8f9439c47135605d1140f402d42bb6e88aad2afb4407b1d28cff07695a","3898","5181","cbf34a0","5090","CUB","1993","cub10_task_consistency_seed1993","T10","10","10","metrics_complete","f1a782719df37305a7ad89e9d2af92e262156e56158d7e218eb0727ea041f48d","93.65199999999999","90.16","90.41","87.83","4.48","98.38","1687.63","{""init_epoch"":20,""epochs"":20,""init_lr"":0.005,""lrate"":0.005,""ca_epochs"":5,""dual_mask_anchor_reg_weight"":10,""dual_mask_reg_weight"":0.01,""dual_mask_conflict_reg_enabled"":false,""dual_mask_conflict_ratio"":0.1,""dual_mask_conflict_strength"":0.5,""dual_mask_conflict_energy_adaptive"":true,""dual_mask_conflict_old_overlap_adaptive"":true,""dual_mask_private_conflict_mode"":""global"",""dual_mask_private_rank"":0}"
"b3694f8f9439-R005","/Users/luxiaogen/Desktop/loda_logs/9-17/9_17_task_consistency_5090_overnight.log","docs/experiments/raw/experiments/2026.09.26_实验查重_DM-B-260926-006/b3694f8f94_9_17_task_consistency_5090_overnight.log","b3694f8f9439c47135605d1140f402d42bb6e88aad2afb4407b1d28cff07695a","5181","6465","cbf34a0","5090","CUB","1996","cub10_task_consistency_seed1996","T10","10","10","metrics_complete","ca1f8fe4043d5bc85b563904c49e60d5ab34cbf1bf6487d1c3473587df7dc9ec","94.63699999999999","90.54","91.17","85.06","4.0522","100","1688.91","{""init_epoch"":20,""epochs"":20,""init_lr"":0.005,""lrate"":0.005,""ca_epochs"":5,""dual_mask_anchor_reg_weight"":10,""dual_mask_reg_weight"":0.01,""dual_mask_conflict_reg_enabled"":false,""dual_mask_conflict_ratio"":0.1,""dual_mask_conflict_strength"":0.5,""dual_mask_conflict_energy_adaptive"":true,""dual_mask_conflict_old_overlap_adaptive"":true,""dual_mask_private_conflict_mode"":""global"",""dual_mask_private_rank"":0}"
"b3694f8f9439-R006","/Users/luxiaogen/Desktop/loda_logs/9-17/9_17_task_consistency_5090_overnight.log","docs/experiments/raw/experiments/2026.09.26_实验查重_DM-B-260926-006/b3694f8f94_9_17_task_consistency_5090_overnight.log","b3694f8f9439c47135605d1140f402d42bb6e88aad2afb4407b1d28cff07695a","6465","7751","cbf34a0","5090","CUB","1997","cub10_task_consistency_seed1997","T10","10","10","metrics_complete","f0e67bbc53e5c8cefc564542ecffce21bf4b4b9d6ec82bb0a7416d4a6d721b0b","93.563","90.5","91.04","85.71","3.2422","96.55","1685.18","{""init_epoch"":20,""epochs"":20,""init_lr"":0.005,""lrate"":0.005,""ca_epochs"":5,""dual_mask_anchor_reg_weight"":10,""dual_mask_reg_weight"":0.01,""dual_mask_conflict_reg_enabled"":false,""dual_mask_conflict_ratio"":0.1,""dual_mask_conflict_strength"":0.5,""dual_mask_conflict_energy_adaptive"":true,""dual_mask_conflict_old_overlap_adaptive"":true,""dual_mask_private_conflict_mode"":""global"",""dual_mask_private_rank"":0}"
"b3694f8f9439-R007","/Users/luxiaogen/Desktop/loda_logs/9-17/9_17_task_consistency_5090_overnight.log","docs/experiments/raw/experiments/2026.09.26_实验查重_DM-B-260926-006/b3694f8f94_9_17_task_consistency_5090_overnight.log","b3694f8f9439c47135605d1140f402d42bb6e88aad2afb4407b1d28cff07695a","7751","9036","cbf34a0","5090","ImageNet_A","1993","imga10_task_consistency_seed1993","T10","10","10","metrics_complete","9d8dfb1fdb5f9c0624095b26513b45850aaea1baa507f76331b12617931104fd","74.753","65.31","64.59","73.39","11.9156","86.86","1174.4","{""init_epoch"":20,""epochs"":20,""init_lr"":0.01,""lrate"":0.01,""ca_epochs"":5,""dual_mask_anchor_reg_weight"":10,""dual_mask_reg_weight"":0.01,""dual_mask_conflict_reg_enabled"":false,""dual_mask_conflict_ratio"":0.1,""dual_mask_conflict_strength"":0.5,""dual_mask_conflict_energy_adaptive"":true,""dual_mask_conflict_old_overlap_adaptive"":true,""dual_mask_private_conflict_mode"":""global"",""dual_mask_private_rank"":0}"
"b3694f8f9439-R008","/Users/luxiaogen/Desktop/loda_logs/9-17/9_17_task_consistency_5090_overnight.log","docs/experiments/raw/experiments/2026.09.26_实验查重_DM-B-260926-006/b3694f8f94_9_17_task_consistency_5090_overnight.log","b3694f8f9439c47135605d1140f402d42bb6e88aad2afb4407b1d28cff07695a","9036","10322","cbf34a0","5090","ImageNet_A","1996","imga10_task_consistency_seed1996","T10","10","10","metrics_complete","919e5ed24188d6cc6188545af649840fcbe624ee70aae3ac43561e78cac2b0fa","73.13199999999999","66.16","65.27","71.84","11.0078","86.34","1136.6","{""init_epoch"":20,""epochs"":20,""init_lr"":0.01,""lrate"":0.01,""ca_epochs"":5,""dual_mask_anchor_reg_weight"":10,""dual_mask_reg_weight"":0.01,""dual_mask_conflict_reg_enabled"":false,""dual_mask_conflict_ratio"":0.1,""dual_mask_conflict_strength"":0.5,""dual_mask_conflict_energy_adaptive"":true,""dual_mask_conflict_old_overlap_adaptive"":true,""dual_mask_private_conflict_mode"":""global"",""dual_mask_private_rank"":0}"
"b3694f8f9439-R009","/Users/luxiaogen/Desktop/loda_logs/9-17/9_17_task_consistency_5090_overnight.log","docs/experiments/raw/experiments/2026.09.26_实验查重_DM-B-260926-006/b3694f8f94_9_17_task_consistency_5090_overnight.log","b3694f8f9439c47135605d1140f402d42bb6e88aad2afb4407b1d28cff07695a","10322","11606","cbf34a0","5090","ImageNet_A","1997","imga10_task_consistency_seed1997","T10","10","10","metrics_complete","c50420b306c17ad3f890da7f52f110dd95c4e1a03a6a906fd843cd9a36f53525","72.652","64.91","63.05","77.72","12.4433","85.4","1160.2","{""init_epoch"":20,""epochs"":20,""init_lr"":0.01,""lrate"":0.01,""ca_epochs"":5,""dual_mask_anchor_reg_weight"":10,""dual_mask_reg_weight"":0.01,""dual_mask_conflict_reg_enabled"":false,""dual_mask_conflict_ratio"":0.1,""dual_mask_conflict_strength"":0.5,""dual_mask_conflict_energy_adaptive"":true,""dual_mask_conflict_old_overlap_adaptive"":true,""dual_mask_private_conflict_mode"":""global"",""dual_mask_private_rank"":0}"
"b3694f8f9439-R010","/Users/luxiaogen/Desktop/loda_logs/9-17/9_17_task_consistency_5090_overnight.log","docs/experiments/raw/experiments/2026.09.26_实验查重_DM-B-260926-006/b3694f8f94_9_17_task_consistency_5090_overnight.log","b3694f8f9439c47135605d1140f402d42bb6e88aad2afb4407b1d28cff07695a","11606","12891","cbf34a0","5090","cifar100","1993","cifar10_task_consistency_seed1993","T10","10","10","metrics_complete","83ed6a021e8a5f0890cc4a7123350279b0dd4613cf2754d56abf11f7784d1c55","94.866","91.8","91.77","92.1","2.9778","99.4","7467.21","{""init_epoch"":20,""epochs"":20,""init_lr"":0.005,""lrate"":0.005,""ca_epochs"":5,""dual_mask_anchor_reg_weight"":10,""dual_mask_reg_weight"":0.01,""dual_mask_conflict_reg_enabled"":false,""dual_mask_conflict_ratio"":0.1,""dual_mask_conflict_strength"":0.5,""dual_mask_conflict_energy_adaptive"":true,""dual_mask_conflict_old_overlap_adaptive"":true,""dual_mask_private_conflict_mode"":""global"",""dual_mask_private_rank"":0}"
"b3694f8f9439-R011","/Users/luxiaogen/Desktop/loda_logs/9-17/9_17_task_consistency_5090_overnight.log","docs/experiments/raw/experiments/2026.09.26_实验查重_DM-B-260926-006/b3694f8f94_9_17_task_consistency_5090_overnight.log","b3694f8f9439c47135605d1140f402d42bb6e88aad2afb4407b1d28cff07695a","12891","14182","cbf34a0","5090","cifar100","1996","cifar10_task_consistency_seed1996","T10","10","10","metrics_complete","ee1dec904059543eb459d889ad3228d07e360d94cd0cf74551989e6cc4e7fe4a","94.935","91.63","91.54","92.4","3.6333","99.2","7701.35","{""init_epoch"":20,""epochs"":20,""init_lr"":0.005,""lrate"":0.005,""ca_epochs"":5,""dual_mask_anchor_reg_weight"":10,""dual_mask_reg_weight"":0.01,""dual_mask_conflict_reg_enabled"":false,""dual_mask_conflict_ratio"":0.1,""dual_mask_conflict_strength"":0.5,""dual_mask_conflict_energy_adaptive"":true,""dual_mask_conflict_old_overlap_adaptive"":true,""dual_mask_private_conflict_mode"":""global"",""dual_mask_private_rank"":0}"
"b3694f8f9439-R012","/Users/luxiaogen/Desktop/loda_logs/9-17/9_17_task_consistency_5090_overnight.log","docs/experiments/raw/experiments/2026.09.26_实验查重_DM-B-260926-006/b3694f8f94_9_17_task_consistency_5090_overnight.log","b3694f8f9439c47135605d1140f402d42bb6e88aad2afb4407b1d28cff07695a","14182","15456","cbf34a0","5090","cifar100","1997","cifar10_task_consistency_seed1997","T10","10","10","metrics_complete","88a3c585265bdd9e2ad515b54462291598cbefb564fd8789dce2b0e562e82922","93.307","91.77","91.41","95","3.1222","98.9","7516.16","{""init_epoch"":20,""epochs"":20,""init_lr"":0.005,""lrate"":0.005,""ca_epochs"":5,""dual_mask_anchor_reg_weight"":10,""dual_mask_reg_weight"":0.01,""dual_mask_conflict_reg_enabled"":false,""dual_mask_conflict_ratio"":0.1,""dual_mask_conflict_strength"":0.5,""dual_mask_conflict_energy_adaptive"":true,""dual_mask_conflict_old_overlap_adaptive"":true,""dual_mask_private_conflict_mode"":""global"",""dual_mask_private_rank"":0}"
"96a86ca76b1d-R001","/Users/luxiaogen/Desktop/loda_logs/9-19/9_19_p_region_diagnostic_3090.log","docs/experiments/raw/experiments/2026.09.26_实验查重_DM-B-260926-006/96a86ca76b_9_19_p_region_diagnostic_3090.log","96a86ca76b1dd8fc6397c27e88c42b922fbc7aa0d71a9feb82e59197a171ca56","22","1052","","3090","ImageNet_R","1993","imgr10_region_diagnostic_seed1993_20260919_183702","T10","10","10","metrics_complete","0831021ea48aa610736aa1703bf96344604bcf91efaaca403aa0bbfda0b9d1a2","87.019","82.4","82.05","85.66","5.5011","96.37","4926.6","{""init_epoch"":20,""epochs"":20,""init_lr"":0.02,""lrate"":0.02,""ca_epochs"":5,""dual_mask_anchor_reg_weight"":10,""dual_mask_reg_weight"":0.01,""dual_mask_conflict_reg_enabled"":false,""dual_mask_conflict_ratio"":0.1,""dual_mask_conflict_strength"":0.5,""dual_mask_conflict_energy_adaptive"":true,""dual_mask_conflict_old_overlap_adaptive"":true,""dual_mask_private_conflict_mode"":""global"",""dual_mask_private_rank"":0}"
"9506d204052e-R001","/Users/luxiaogen/Desktop/loda_logs/9-19/9_19_p_region_diagnostic_5090.log","docs/experiments/raw/experiments/2026.09.26_实验查重_DM-B-260926-006/9506d20405_9_19_p_region_diagnostic_5090.log","9506d204052ea5eee075be726734d6ff862d9c259a64df41f66bd5b3563a94ef","22","1052","","5090","ImageNet_R","1993","imgr10_region_diagnostic_seed1993_20260919_183658","T10","10","10","metrics_complete","0831021ea48aa610736aa1703bf96344604bcf91efaaca403aa0bbfda0b9d1a2","86.967","82.48","82.09","86.18","5.4589","96.81","3571.08","{""init_epoch"":20,""epochs"":20,""init_lr"":0.02,""lrate"":0.02,""ca_epochs"":5,""dual_mask_anchor_reg_weight"":10,""dual_mask_reg_weight"":0.01,""dual_mask_conflict_reg_enabled"":false,""dual_mask_conflict_ratio"":0.1,""dual_mask_conflict_strength"":0.5,""dual_mask_conflict_energy_adaptive"":true,""dual_mask_conflict_old_overlap_adaptive"":true,""dual_mask_private_conflict_mode"":""global"",""dual_mask_private_rank"":0}"
"83c900919d4a-R001","/Users/luxiaogen/Desktop/loda_logs/9-20/9_19_p_region_train_merge_5090_overnight.log","docs/experiments/raw/experiments/2026.09.26_实验查重_DM-B-260926-006/83c900919d_9_19_p_region_train_merge_5090_overnight.log","83c900919d4ab16f591a34a5ea5b7e6a603de2923245c840ae517d849e11256e","29","918","","5090","ImageNet_R","1993","imgr10_baseline_seed1993_20260919_222908","T10","10","10","metrics_complete","7394648240f71baf8b56164c3cee583980384f8ee98199734937839709c1b19f","87.075","82.47","82.16","85.32","5.4089","96.81","2898.15","{""init_epoch"":20,""epochs"":20,""init_lr"":0.02,""lrate"":0.02,""ca_epochs"":5,""dual_mask_anchor_reg_weight"":10,""dual_mask_reg_weight"":0.01,""dual_mask_conflict_reg_enabled"":false,""dual_mask_conflict_ratio"":0.1,""dual_mask_conflict_strength"":0.5,""dual_mask_conflict_energy_adaptive"":true,""dual_mask_conflict_old_overlap_adaptive"":true,""dual_mask_private_conflict_mode"":""global"",""dual_mask_private_rank"":0,""dual_mask_s_protect_enabled"":true}"
"83c900919d4a-R002","/Users/luxiaogen/Desktop/loda_logs/9-20/9_19_p_region_train_merge_5090_overnight.log","docs/experiments/raw/experiments/2026.09.26_实验查重_DM-B-260926-006/83c900919d_9_19_p_region_train_merge_5090_overnight.log","83c900919d4ab16f591a34a5ea5b7e6a603de2923245c840ae517d849e11256e","918","1912","","5090","ImageNet_R","1993","imgr10_conflict50_seed1993_20260919_222908","T10","10","10","metrics_complete","1718a27286fead8e7a40ef5914c336c663c8dd667f29af18675f510d929322ed","87.064","82.73","82.46","85.32","4.6089","96.52","2793.85","{""init_epoch"":20,""epochs"":20,""init_lr"":0.02,""lrate"":0.02,""ca_epochs"":5,""dual_mask_anchor_reg_weight"":10,""dual_mask_reg_weight"":0.01,""dual_mask_conflict_reg_enabled"":false,""dual_mask_conflict_ratio"":0.1,""dual_mask_conflict_strength"":0.5,""dual_mask_conflict_energy_adaptive"":true,""dual_mask_conflict_old_overlap_adaptive"":true,""dual_mask_private_conflict_mode"":""global"",""dual_mask_private_rank"":0,""dual_mask_s_protect_enabled"":true}"
"83c900919d4a-R003","/Users/luxiaogen/Desktop/loda_logs/9-20/9_19_p_region_train_merge_5090_overnight.log","docs/experiments/raw/experiments/2026.09.26_实验查重_DM-B-260926-006/83c900919d_9_19_p_region_train_merge_5090_overnight.log","83c900919d4ab16f591a34a5ea5b7e6a603de2923245c840ae517d849e11256e","1912","2908","","5090","ImageNet_R","1993","imgr10_nonconflict50_seed1993_20260919_222908","T10","10","10","metrics_complete","d47f85f2b7a0cc44ce52087b2d3f960705999f65c8dc4bd608d83a7e3bd31314","87.047","82.4","82.05","85.66","5.4589","96.66","2794.94","{""init_epoch"":20,""epochs"":20,""init_lr"":0.02,""lrate"":0.02,""ca_epochs"":5,""dual_mask_anchor_reg_weight"":10,""dual_mask_reg_weight"":0.01,""dual_mask_conflict_reg_enabled"":false,""dual_mask_conflict_ratio"":0.1,""dual_mask_conflict_strength"":0.5,""dual_mask_conflict_energy_adaptive"":true,""dual_mask_conflict_old_overlap_adaptive"":true,""dual_mask_private_conflict_mode"":""global"",""dual_mask_private_rank"":0,""dual_mask_s_protect_enabled"":true}"
"83c900919d4a-R004","/Users/luxiaogen/Desktop/loda_logs/9-20/9_19_p_region_train_merge_5090_overnight.log","docs/experiments/raw/experiments/2026.09.26_实验查重_DM-B-260926-006/83c900919d_9_19_p_region_train_merge_5090_overnight.log","83c900919d4ab16f591a34a5ea5b7e6a603de2923245c840ae517d849e11256e","2908","3904","","5090","ImageNet_R","1993","imgr10_conflict25_seed1993_20260919_222908","T10","10","10","metrics_complete","d1efa09127e60bab49485f1ae57fa3ed1dcd1eae5618e45f9a676381abc8a9b8","86.95400000000001","82.28","82","84.97","5.3267","96.66","2795.39","{""init_epoch"":20,""epochs"":20,""init_lr"":0.02,""lrate"":0.02,""ca_epochs"":5,""dual_mask_anchor_reg_weight"":10,""dual_mask_reg_weight"":0.01,""dual_mask_conflict_reg_enabled"":false,""dual_mask_conflict_ratio"":0.1,""dual_mask_conflict_strength"":0.5,""dual_mask_conflict_energy_adaptive"":true,""dual_mask_conflict_old_overlap_adaptive"":true,""dual_mask_private_conflict_mode"":""global"",""dual_mask_private_rank"":0,""dual_mask_s_protect_enabled"":true}"
"83c900919d4a-R005","/Users/luxiaogen/Desktop/loda_logs/9-20/9_19_p_region_train_merge_5090_overnight.log","docs/experiments/raw/experiments/2026.09.26_实验查重_DM-B-260926-006/83c900919d_9_19_p_region_train_merge_5090_overnight.log","83c900919d4ab16f591a34a5ea5b7e6a603de2923245c840ae517d849e11256e","3904","4899","","5090","ImageNet_R","1993","imgr10_nonconflict25_seed1993_20260919_222908","T10","10","10","metrics_complete","1139df8cf5acf98983c926a81ce76fa982e46113ec09f7b0d9c992e6fa97aba3","87.09","82.45","82.09","85.84","5.4956","96.52","2798.56","{""init_epoch"":20,""epochs"":20,""init_lr"":0.02,""lrate"":0.02,""ca_epochs"":5,""dual_mask_anchor_reg_weight"":10,""dual_mask_reg_weight"":0.01,""dual_mask_conflict_reg_enabled"":false,""dual_mask_conflict_ratio"":0.1,""dual_mask_conflict_strength"":0.5,""dual_mask_conflict_energy_adaptive"":true,""dual_mask_conflict_old_overlap_adaptive"":true,""dual_mask_private_conflict_mode"":""global"",""dual_mask_private_rank"":0,""dual_mask_s_protect_enabled"":true}"
"83c900919d4a-R006","/Users/luxiaogen/Desktop/loda_logs/9-20/9_19_p_region_train_merge_5090_overnight.log","docs/experiments/raw/experiments/2026.09.26_实验查重_DM-B-260926-006/83c900919d_9_19_p_region_train_merge_5090_overnight.log","83c900919d4ab16f591a34a5ea5b7e6a603de2923245c840ae517d849e11256e","4899","5786","","5090","ImageNet_R","1993","imgr10_baseline_repeat_seed1993_20260919_222908","T10","10","10","metrics_complete","7394648240f71baf8b56164c3cee583980384f8ee98199734937839709c1b19f","87.06199999999998","82.48","82.14","85.66","5.4456","96.37","2795.41","{""init_epoch"":20,""epochs"":20,""init_lr"":0.02,""lrate"":0.02,""ca_epochs"":5,""dual_mask_anchor_reg_weight"":10,""dual_mask_reg_weight"":0.01,""dual_mask_conflict_reg_enabled"":false,""dual_mask_conflict_ratio"":0.1,""dual_mask_conflict_strength"":0.5,""dual_mask_conflict_energy_adaptive"":true,""dual_mask_conflict_old_overlap_adaptive"":true,""dual_mask_private_conflict_mode"":""global"",""dual_mask_private_rank"":0,""dual_mask_s_protect_enabled"":true}"
"83c900919d4a-R007","/Users/luxiaogen/Desktop/loda_logs/9-20/9_19_p_region_train_merge_5090_overnight.log","docs/experiments/raw/experiments/2026.09.26_实验查重_DM-B-260926-006/83c900919d_9_19_p_region_train_merge_5090_overnight.log","83c900919d4ab16f591a34a5ea5b7e6a603de2923245c840ae517d849e11256e","5786","6675","","5090","ImageNet_R","1996","imgr10_baseline_seed1996_20260919_222908","T10","10","10","metrics_complete","5b0ab413edba47ab11df5eb3f7e5dad4f982276064f31095308b301039775666","86.46499999999999","82.05","81.51","86.84","7.0411","93.94","2794.23","{""init_epoch"":20,""epochs"":20,""init_lr"":0.02,""lrate"":0.02,""ca_epochs"":5,""dual_mask_anchor_reg_weight"":10,""dual_mask_reg_weight"":0.01,""dual_mask_conflict_reg_enabled"":false,""dual_mask_conflict_ratio"":0.1,""dual_mask_conflict_strength"":0.5,""dual_mask_conflict_energy_adaptive"":true,""dual_mask_conflict_old_overlap_adaptive"":true,""dual_mask_private_conflict_mode"":""global"",""dual_mask_private_rank"":0,""dual_mask_s_protect_enabled"":true}"
"83c900919d4a-R008","/Users/luxiaogen/Desktop/loda_logs/9-20/9_19_p_region_train_merge_5090_overnight.log","docs/experiments/raw/experiments/2026.09.26_实验查重_DM-B-260926-006/83c900919d_9_19_p_region_train_merge_5090_overnight.log","83c900919d4ab16f591a34a5ea5b7e6a603de2923245c840ae517d849e11256e","6675","7670","","5090","ImageNet_R","1996","imgr10_conflict50_seed1996_20260919_222908","T10","10","10","metrics_complete","108c6b20a4f9d6fd9fa6ab848344db482945be4e877ce65fab6b692b0ded9a08","86.49000000000001","82.25","81.77","86.51","6.3089","94.24","2794.06","{""init_epoch"":20,""epochs"":20,""init_lr"":0.02,""lrate"":0.02,""ca_epochs"":5,""dual_mask_anchor_reg_weight"":10,""dual_mask_reg_weight"":0.01,""dual_mask_conflict_reg_enabled"":false,""dual_mask_conflict_ratio"":0.1,""dual_mask_conflict_strength"":0.5,""dual_mask_conflict_energy_adaptive"":true,""dual_mask_conflict_old_overlap_adaptive"":true,""dual_mask_private_conflict_mode"":""global"",""dual_mask_private_rank"":0,""dual_mask_s_protect_enabled"":true}"
"83c900919d4a-R009","/Users/luxiaogen/Desktop/loda_logs/9-20/9_19_p_region_train_merge_5090_overnight.log","docs/experiments/raw/experiments/2026.09.26_实验查重_DM-B-260926-006/83c900919d_9_19_p_region_train_merge_5090_overnight.log","83c900919d4ab16f591a34a5ea5b7e6a603de2923245c840ae517d849e11256e","7670","8676","","5090","ImageNet_R","1996","imgr10_nonconflict50_seed1996_20260919_222908","T10","10","10","metrics_complete;section_error_review","0e439b11c78b34527eef8fff9f683c486ba705f585532624f7935922c6b1f86f","86.45199999999998","82.03","81.42","87.5","6.8833","94.7","2792.9","{""init_epoch"":20,""epochs"":20,""init_lr"":0.02,""lrate"":0.02,""ca_epochs"":5,""dual_mask_anchor_reg_weight"":10,""dual_mask_reg_weight"":0.01,""dual_mask_conflict_reg_enabled"":false,""dual_mask_conflict_ratio"":0.1,""dual_mask_conflict_strength"":0.5,""dual_mask_conflict_energy_adaptive"":true,""dual_mask_conflict_old_overlap_adaptive"":true,""dual_mask_private_conflict_mode"":""global"",""dual_mask_private_rank"":0,""dual_mask_s_protect_enabled"":true}"
"83c900919d4a-R010","/Users/luxiaogen/Desktop/loda_logs/9-20/9_19_p_region_train_merge_5090_overnight.log","docs/experiments/raw/experiments/2026.09.26_实验查重_DM-B-260926-006/83c900919d_9_19_p_region_train_merge_5090_overnight.log","83c900919d4ab16f591a34a5ea5b7e6a603de2923245c840ae517d849e11256e","8676","9564","","5090","ImageNet_R","1997","imgr10_baseline_seed1997_20260919_222908","T10","10","10","metrics_complete","c9a43b121f16defb19239b2893437bdb60c59bb707a43755a37df37fa1453b5b","86.45400000000001","82.38","81.63","89.29","6.7167","95.32","2798.67","{""init_epoch"":20,""epochs"":20,""init_lr"":0.02,""lrate"":0.02,""ca_epochs"":5,""dual_mask_anchor_reg_weight"":10,""dual_mask_reg_weight"":0.01,""dual_mask_conflict_reg_enabled"":false,""dual_mask_conflict_ratio"":0.1,""dual_mask_conflict_strength"":0.5,""dual_mask_conflict_energy_adaptive"":true,""dual_mask_conflict_old_overlap_adaptive"":true,""dual_mask_private_conflict_mode"":""global"",""dual_mask_private_rank"":0,""dual_mask_s_protect_enabled"":true}"
"83c900919d4a-R011","/Users/luxiaogen/Desktop/loda_logs/9-20/9_19_p_region_train_merge_5090_overnight.log","docs/experiments/raw/experiments/2026.09.26_实验查重_DM-B-260926-006/83c900919d_9_19_p_region_train_merge_5090_overnight.log","83c900919d4ab16f591a34a5ea5b7e6a603de2923245c840ae517d849e11256e","9564","10559","","5090","ImageNet_R","1997","imgr10_conflict50_seed1997_20260919_222908","T10","10","10","metrics_complete","7d023193a4fdef5d997702943f992540f72c98f8a3f5ef0243fdd8055ecd80cd","86.21099999999998","82.2","81.39","89.63","6.1522","94.76","2795.04","{""init_epoch"":20,""epochs"":20,""init_lr"":0.02,""lrate"":0.02,""ca_epochs"":5,""dual_mask_anchor_reg_weight"":10,""dual_mask_reg_weight"":0.01,""dual_mask_conflict_reg_enabled"":false,""dual_mask_conflict_ratio"":0.1,""dual_mask_conflict_strength"":0.5,""dual_mask_conflict_energy_adaptive"":true,""dual_mask_conflict_old_overlap_adaptive"":true,""dual_mask_private_conflict_mode"":""global"",""dual_mask_private_rank"":0,""dual_mask_s_protect_enabled"":true}"
"83c900919d4a-R012","/Users/luxiaogen/Desktop/loda_logs/9-20/9_19_p_region_train_merge_5090_overnight.log","docs/experiments/raw/experiments/2026.09.26_实验查重_DM-B-260926-006/83c900919d_9_19_p_region_train_merge_5090_overnight.log","83c900919d4ab16f591a34a5ea5b7e6a603de2923245c840ae517d849e11256e","10559","11542","","5090","ImageNet_R","1997","imgr10_nonconflict50_seed1997_20260919_222908","T10","10","10","metrics_complete","d98626b6902d62924f49b70c67517146ad54d715d142cb56068088822344efd3","86.43800000000002","82.2","81.26","90.82","6.8989","96.07","2797.33","{""init_epoch"":20,""epochs"":20,""init_lr"":0.02,""lrate"":0.02,""ca_epochs"":5,""dual_mask_anchor_reg_weight"":10,""dual_mask_reg_weight"":0.01,""dual_mask_conflict_reg_enabled"":false,""dual_mask_conflict_ratio"":0.1,""dual_mask_conflict_strength"":0.5,""dual_mask_conflict_energy_adaptive"":true,""dual_mask_conflict_old_overlap_adaptive"":true,""dual_mask_private_conflict_mode"":""global"",""dual_mask_private_rank"":0,""dual_mask_s_protect_enabled"":true}"
"62222a376b14-R001","/Users/luxiaogen/Desktop/loda_logs/9-20/9_20_p_conflict_baseline_3090.log","docs/experiments/raw/experiments/2026.09.26_实验查重_DM-B-260926-006/62222a376b_9_20_p_conflict_baseline_3090.log","62222a376b14430e030b1b1acb2b61d7fe5bb3cdcffeb330283680ff5152265e","21","431","","3090","ImageNet_R","1993","imgr10_baseline_seed1993","T3_screen","3","3","metrics_complete","2ef21e24fcdbbdbc1b763e7cbed99fd947e0feee18714d11c47f4cca196d8e43","92.87666666666667","89.83","90.99","87.29","2.29","96.52","1346.55","{""init_epoch"":20,""epochs"":20,""init_lr"":0.02,""lrate"":0.02,""ca_epochs"":5,""dual_mask_anchor_reg_weight"":10,""dual_mask_reg_weight"":0.01,""dual_mask_conflict_reg_enabled"":false,""dual_mask_conflict_ratio"":0.1,""dual_mask_conflict_strength"":0.5,""dual_mask_conflict_energy_adaptive"":true,""dual_mask_conflict_old_overlap_adaptive"":true,""dual_mask_private_conflict_mode"":""global"",""dual_mask_private_rank"":0,""dual_mask_s_protect_enabled"":true}"
"c8097efdc7b4-R001","/Users/luxiaogen/Desktop/loda_logs/9-20/9_20_p_conflict_functional_oracle_3090.log","docs/experiments/raw/experiments/2026.09.26_实验查重_DM-B-260926-006/c8097efdc7_9_20_p_conflict_functional_oracle_3090.log","c8097efdc7b4cb3cd39767219ede450c13be269c5a2520bc257af833c48f3a9a","24","390","","3090","ImageNet_R","1993","imgr10_p_conflict_functional_oracle_seed1993_20260920_203322","T3_screen","3","3","metrics_complete","ccf5d61b2f2f4a10af2d8787bbebbc5464b7d07ccd2d023bd41148666b4b0804","92.86666666666667","89.72","91.22","86.47","2.385","96.37","1579.15","{""init_epoch"":20,""epochs"":20,""init_lr"":0.02,""lrate"":0.02,""ca_epochs"":5,""dual_mask_anchor_reg_weight"":10,""dual_mask_reg_weight"":0.01,""dual_mask_conflict_reg_enabled"":false,""dual_mask_conflict_ratio"":0.1,""dual_mask_conflict_strength"":0.5,""dual_mask_conflict_energy_adaptive"":true,""dual_mask_conflict_old_overlap_adaptive"":true,""dual_mask_private_conflict_mode"":""global"",""dual_mask_private_rank"":0}"
"fa176673e8e8-R001","/Users/luxiaogen/Desktop/loda_logs/9-20/9_20_p_conflict_groups_5090.log","docs/experiments/raw/experiments/2026.09.26_实验查重_DM-B-260926-006/fa176673e8_9_20_p_conflict_groups_5090.log","fa176673e8e848d9d810c477157899959ce5d56d98ca5b277b2c6a3fc203b731","23","916","","5090","ImageNet_R","1993","imgr10_groups_seed1993_20260920_092105","T10","10","10","metrics_complete","4a0c2130f0fe711facac81d39dae71f54eaec440a8bfeb2d6a361242bdb0cb17","87.1","82.73","82.38","86.01","5.1322","96.81","3075.1","{""init_epoch"":20,""epochs"":20,""init_lr"":0.02,""lrate"":0.02,""ca_epochs"":5,""dual_mask_anchor_reg_weight"":10,""dual_mask_reg_weight"":0.01,""dual_mask_conflict_reg_enabled"":false,""dual_mask_conflict_ratio"":0.1,""dual_mask_conflict_strength"":0.5,""dual_mask_conflict_energy_adaptive"":true,""dual_mask_conflict_old_overlap_adaptive"":true,""dual_mask_private_conflict_mode"":""global"",""dual_mask_private_rank"":0}"
"e5a65cc724a9-R001","/Users/luxiaogen/Desktop/loda_logs/9-20/9_20_p_conflict_norm_3090.log","docs/experiments/raw/experiments/2026.09.26_实验查重_DM-B-260926-006/e5a65cc724_9_20_p_conflict_norm_3090.log","e5a65cc724a9514e14aaa667df0746cb09ba6a2c58f1a103601a6c66701c4ed6","21","394","","3090","ImageNet_R","1993","imgr10_norm_seed1993","T3_screen","3","3","metrics_complete","3a3e8a700db10e20bda78ef8a20f7db831d93be6170c79688bca176ac8bf51f4","92.95666666666666","89.78","91.22","86.63","2.24","96.66","1380.23","{""init_epoch"":20,""epochs"":20,""init_lr"":0.02,""lrate"":0.02,""ca_epochs"":5,""dual_mask_anchor_reg_weight"":10,""dual_mask_reg_weight"":0.01,""dual_mask_conflict_reg_enabled"":false,""dual_mask_conflict_ratio"":0.1,""dual_mask_conflict_strength"":0.5,""dual_mask_conflict_energy_adaptive"":true,""dual_mask_conflict_old_overlap_adaptive"":true,""dual_mask_private_conflict_mode"":""global"",""dual_mask_private_rank"":0,""dual_mask_s_protect_enabled"":true}"
"a596d823dc8a-R001","/Users/luxiaogen/Desktop/loda_logs/9-20/9_20_p_conflict_svd_functional_oracle_3090.log","docs/experiments/raw/experiments/2026.09.26_实验查重_DM-B-260926-006/a596d823dc_9_20_p_conflict_svd_functional_oracle_3090.log","a596d823dc8a1c7b8c22335bdbbfc82ad36616d00e64e14e82b593edfb6aea91","25","398","","3090","ImageNet_R","1993","imgr10_svd_diagnostic_seed1993","T3_screen","3","3","metrics_complete","9779ef0eb553f333ea2ebd00122a8680ecddb99b7a6f39c36a411094bff46dd8","92.90666666666668","89.78","91.14","86.8","2.385","96.66","1603.6","{""init_epoch"":20,""epochs"":20,""init_lr"":0.02,""lrate"":0.02,""ca_epochs"":5,""dual_mask_anchor_reg_weight"":10,""dual_mask_reg_weight"":0.01,""dual_mask_conflict_reg_enabled"":false,""dual_mask_conflict_ratio"":0.1,""dual_mask_conflict_strength"":0.5,""dual_mask_conflict_energy_adaptive"":true,""dual_mask_conflict_old_overlap_adaptive"":true,""dual_mask_private_conflict_mode"":""global"",""dual_mask_private_rank"":0}"
"8bb35fa2650b-R001","/Users/luxiaogen/Desktop/loda_logs/9-20/9_20_p_input_subspace_5090.log","docs/experiments/raw/experiments/2026.09.26_实验查重_DM-B-260926-006/8bb35fa265_9_20_p_input_subspace_5090.log","8bb35fa2650ba02dfb461379a57008ac0600a53793ebe4acf221ab992dfe9e87","22","448","","5090","ImageNet_R","1993","imgr10_baseline_seed1993","T3_screen","3","3","metrics_complete","2ef21e24fcdbbdbc1b763e7cbed99fd947e0feee18714d11c47f4cca196d8e43","92.83333333333333","89.41","90.76","86.47","2.76","96.81","820.79","{""init_epoch"":20,""epochs"":20,""init_lr"":0.02,""lrate"":0.02,""ca_epochs"":5,""dual_mask_anchor_reg_weight"":10,""dual_mask_reg_weight"":0.01,""dual_mask_conflict_reg_enabled"":false,""dual_mask_conflict_ratio"":0.1,""dual_mask_conflict_strength"":0.5,""dual_mask_conflict_energy_adaptive"":true,""dual_mask_conflict_old_overlap_adaptive"":true,""dual_mask_private_conflict_mode"":""global"",""dual_mask_private_rank"":0,""dual_mask_s_protect_enabled"":true}"
"8bb35fa2650b-R002","/Users/luxiaogen/Desktop/loda_logs/9-20/9_20_p_input_subspace_5090.log","docs/experiments/raw/experiments/2026.09.26_实验查重_DM-B-260926-006/8bb35fa265_9_20_p_input_subspace_5090.log","8bb35fa2650ba02dfb461379a57008ac0600a53793ebe4acf221ab992dfe9e87","448","875","","5090","ImageNet_R","1993","imgr10_old_seed1993","T3_screen","3","3","metrics_complete","c405230021391214f881a00855bf2e18fa68954b29bd00925e03532eb80c21c7","92.95333333333333","89.98","91.45","86.8","1.87","96.37","985.35","{""init_epoch"":20,""epochs"":20,""init_lr"":0.02,""lrate"":0.02,""ca_epochs"":5,""dual_mask_anchor_reg_weight"":10,""dual_mask_reg_weight"":0.01,""dual_mask_conflict_reg_enabled"":false,""dual_mask_conflict_ratio"":0.1,""dual_mask_conflict_strength"":0.5,""dual_mask_conflict_energy_adaptive"":true,""dual_mask_conflict_old_overlap_adaptive"":true,""dual_mask_private_conflict_mode"":""global"",""dual_mask_private_rank"":0,""dual_mask_s_protect_enabled"":true}"
"8bb35fa2650b-R003","/Users/luxiaogen/Desktop/loda_logs/9-20/9_20_p_input_subspace_5090.log","docs/experiments/raw/experiments/2026.09.26_实验查重_DM-B-260926-006/8bb35fa265_9_20_p_input_subspace_5090.log","8bb35fa2650ba02dfb461379a57008ac0600a53793ebe4acf221ab992dfe9e87","875","1287","","5090","ImageNet_R","1993","imgr10_random_seed1993","T3_screen","3","3","metrics_complete","899a78dc767272927d1c0df1e65e2fd24f92ccc7c9063f7f0c346047392a58e5","93.00666666666666","89.78","91.29","86.47","2.22","96.81","829.48","{""init_epoch"":20,""epochs"":20,""init_lr"":0.02,""lrate"":0.02,""ca_epochs"":5,""dual_mask_anchor_reg_weight"":10,""dual_mask_reg_weight"":0.01,""dual_mask_conflict_reg_enabled"":false,""dual_mask_conflict_ratio"":0.1,""dual_mask_conflict_strength"":0.5,""dual_mask_conflict_energy_adaptive"":true,""dual_mask_conflict_old_overlap_adaptive"":true,""dual_mask_private_conflict_mode"":""global"",""dual_mask_private_rank"":0,""dual_mask_s_protect_enabled"":true}"
"588eb71eef78-R001","/Users/luxiaogen/Desktop/loda_logs/9-21/9_20_single_3090_overnight.log","docs/experiments/raw/experiments/2026.09.26_实验查重_DM-B-260926-006/588eb71eef_9_20_single_3090_overnight.log","588eb71eef78e7a46f6237a84334b7628b564b60462493c3cda49d6da0a9ab5f","23","908","387c1fc","3090","ImageNet_R","1993","imgr10_lori_style_importance_seed1993","T10","10","10","metrics_complete","7fc9478a11c219a45092eb83ed9f4c19c1afca7c0a7bfdb2e740bd511bafe473","86.206","80.33","79.32","89.81","11.2422","96.81","4560.27","{""init_epoch"":20,""epochs"":20,""init_lr"":0.02,""lrate"":0.02,""ca_epochs"":5,""dual_mask_anchor_reg_weight"":10,""dual_mask_reg_weight"":0.01,""dual_mask_conflict_reg_enabled"":false,""dual_mask_conflict_ratio"":0.1,""dual_mask_conflict_strength"":0.5,""dual_mask_conflict_energy_adaptive"":true,""dual_mask_conflict_old_overlap_adaptive"":true,""dual_mask_private_conflict_mode"":""global""}"
"588eb71eef78-R002","/Users/luxiaogen/Desktop/loda_logs/9-21/9_20_single_3090_overnight.log","docs/experiments/raw/experiments/2026.09.26_实验查重_DM-B-260926-006/588eb71eef_9_20_single_3090_overnight.log","588eb71eef78e7a46f6237a84334b7628b564b60462493c3cda49d6da0a9ab5f","908","1795","387c1fc","3090","ImageNet_A","1993","imga10_lori_style_importance_seed1993","T10","10","10","metrics_complete","5292a5a342d96c300a9685d287d7b7023659e1dc9a6f69faeab181d357a06b38","74.376","64.45","63.3","77.42","15.9322","88","1317.06","{""init_epoch"":20,""epochs"":20,""init_lr"":0.01,""lrate"":0.01,""ca_epochs"":5,""dual_mask_anchor_reg_weight"":10,""dual_mask_reg_weight"":0.01,""dual_mask_conflict_reg_enabled"":false,""dual_mask_conflict_ratio"":0.1,""dual_mask_conflict_strength"":0.5,""dual_mask_conflict_energy_adaptive"":true,""dual_mask_conflict_old_overlap_adaptive"":true,""dual_mask_private_conflict_mode"":""global""}"
"588eb71eef78-R003","/Users/luxiaogen/Desktop/loda_logs/9-21/9_20_single_3090_overnight.log","docs/experiments/raw/experiments/2026.09.26_实验查重_DM-B-260926-006/588eb71eef_9_20_single_3090_overnight.log","588eb71eef78e7a46f6237a84334b7628b564b60462493c3cda49d6da0a9ab5f","1795","2691","387c1fc","3090","CUB","1993","cub10_lori_style_importance_seed1993","T10","10","10","metrics_complete","0e9e946e1f1c9b008813800aae66826fd0aca961088b19861f0b620fd8120555","93.33399999999999","89.78","89.52","92.17","5.8256","98.38","1982.11","{""init_epoch"":20,""epochs"":20,""init_lr"":0.005,""lrate"":0.005,""ca_epochs"":5,""dual_mask_anchor_reg_weight"":10,""dual_mask_reg_weight"":0.01,""dual_mask_conflict_reg_enabled"":false,""dual_mask_conflict_ratio"":0.1,""dual_mask_conflict_strength"":0.5,""dual_mask_conflict_energy_adaptive"":true,""dual_mask_conflict_old_overlap_adaptive"":true,""dual_mask_private_conflict_mode"":""global""}"
"588eb71eef78-R004","/Users/luxiaogen/Desktop/loda_logs/9-21/9_20_single_3090_overnight.log","docs/experiments/raw/experiments/2026.09.26_实验查重_DM-B-260926-006/588eb71eef_9_20_single_3090_overnight.log","588eb71eef78e7a46f6237a84334b7628b564b60462493c3cda49d6da0a9ab5f","2691","3531","387c1fc","3090","ImageNet_R","1993","imgr10_dualmask_off_seed1993","T10","10","10","metrics_complete","470c196d7892d82e7c5a00830b926d5c2efda787282212166a34685aa9d0a577","84.374","76.75","75.19","91.36","16.3078","96.95","3809.24","{""init_epoch"":20,""epochs"":20,""init_lr"":0.02,""lrate"":0.02,""ca_epochs"":5,""dual_mask_anchor_reg_weight"":10,""dual_mask_reg_weight"":0.1,""dual_mask_conflict_reg_enabled"":true,""dual_mask_conflict_ratio"":0.1,""dual_mask_conflict_strength"":0.5,""dual_mask_conflict_energy_adaptive"":true,""dual_mask_conflict_old_overlap_adaptive"":true,""dual_mask_private_conflict_mode"":""global""}"
"588eb71eef78-R005","/Users/luxiaogen/Desktop/loda_logs/9-21/9_20_single_3090_overnight.log","docs/experiments/raw/experiments/2026.09.26_实验查重_DM-B-260926-006/588eb71eef_9_20_single_3090_overnight.log","588eb71eef78e7a46f6237a84334b7628b564b60462493c3cda49d6da0a9ab5f","3531","4372","387c1fc","3090","ImageNet_R","1996","imgr10_dualmask_off_seed1996","T10","10","10","metrics_complete","6399dd79d7da58594b4c152c964b397e27d60b4a9c224e86cd9f5f5513a3fc0f","83.499","76.9","75.32","90.95","16.7589","93.94","3770.54","{""init_epoch"":20,""epochs"":20,""init_lr"":0.02,""lrate"":0.02,""ca_epochs"":5,""dual_mask_anchor_reg_weight"":10,""dual_mask_reg_weight"":0.1,""dual_mask_conflict_reg_enabled"":true,""dual_mask_conflict_ratio"":0.1,""dual_mask_conflict_strength"":0.5,""dual_mask_conflict_energy_adaptive"":true,""dual_mask_conflict_old_overlap_adaptive"":true,""dual_mask_private_conflict_mode"":""global""}"
"588eb71eef78-R006","/Users/luxiaogen/Desktop/loda_logs/9-21/9_20_single_3090_overnight.log","docs/experiments/raw/experiments/2026.09.26_实验查重_DM-B-260926-006/588eb71eef_9_20_single_3090_overnight.log","588eb71eef78e7a46f6237a84334b7628b564b60462493c3cda49d6da0a9ab5f","4372","5213","387c1fc","3090","ImageNet_R","1997","imgr10_dualmask_off_seed1997","T10","10","10","metrics_complete","bd212e6145d9ff07c3697dc43adfd441fcd84cd0a01f3f4011578bb900806357","83.04700000000001","76.7","74.94","92.86","17.1733","94.57","3787.31","{""init_epoch"":20,""epochs"":20,""init_lr"":0.02,""lrate"":0.02,""ca_epochs"":5,""dual_mask_anchor_reg_weight"":10,""dual_mask_reg_weight"":0.1,""dual_mask_conflict_reg_enabled"":true,""dual_mask_conflict_ratio"":0.1,""dual_mask_conflict_strength"":0.5,""dual_mask_conflict_energy_adaptive"":true,""dual_mask_conflict_old_overlap_adaptive"":true,""dual_mask_private_conflict_mode"":""global""}"
"588eb71eef78-R007","/Users/luxiaogen/Desktop/loda_logs/9-21/9_20_single_3090_overnight.log","docs/experiments/raw/experiments/2026.09.26_实验查重_DM-B-260926-006/588eb71eef_9_20_single_3090_overnight.log","588eb71eef78e7a46f6237a84334b7628b564b60462493c3cda49d6da0a9ab5f","5213","6053","387c1fc","3090","ImageNet_A","1993","imga10_dualmask_off_seed1993","T10","10","10","metrics_complete","67007d880e496d91b8bc22854b323b68f8b921b62da7cebf55479403d44c3521","72.321","60.63","59.07","78.23","21.1756","88","1064.34","{""init_epoch"":20,""epochs"":20,""init_lr"":0.01,""lrate"":0.01,""ca_epochs"":5,""dual_mask_anchor_reg_weight"":10,""dual_mask_reg_weight"":0.01,""dual_mask_conflict_reg_enabled"":true,""dual_mask_conflict_ratio"":0.1,""dual_mask_conflict_strength"":0.5,""dual_mask_conflict_energy_adaptive"":true,""dual_mask_conflict_old_overlap_adaptive"":true,""dual_mask_private_conflict_mode"":""global""}"
"588eb71eef78-R008","/Users/luxiaogen/Desktop/loda_logs/9-21/9_20_single_3090_overnight.log","docs/experiments/raw/experiments/2026.09.26_实验查重_DM-B-260926-006/588eb71eef_9_20_single_3090_overnight.log","588eb71eef78e7a46f6237a84334b7628b564b60462493c3cda49d6da0a9ab5f","6053","6894","387c1fc","3090","ImageNet_A","1996","imga10_dualmask_off_seed1996","T10","10","10","metrics_complete","434f58cbf989acba2d324d1c8d86795ed75ee25e3f6705bb9e0c27f843b98927","71.713","64.19","61.31","82.52","19.6322","85.09","1064.86","{""init_epoch"":20,""epochs"":20,""init_lr"":0.01,""lrate"":0.01,""ca_epochs"":5,""dual_mask_anchor_reg_weight"":10,""dual_mask_reg_weight"":0.01,""dual_mask_conflict_reg_enabled"":true,""dual_mask_conflict_ratio"":0.1,""dual_mask_conflict_strength"":0.5,""dual_mask_conflict_energy_adaptive"":true,""dual_mask_conflict_old_overlap_adaptive"":true,""dual_mask_private_conflict_mode"":""global""}"
"588eb71eef78-R009","/Users/luxiaogen/Desktop/loda_logs/9-21/9_20_single_3090_overnight.log","docs/experiments/raw/experiments/2026.09.26_实验查重_DM-B-260926-006/588eb71eef_9_20_single_3090_overnight.log","588eb71eef78e7a46f6237a84334b7628b564b60462493c3cda49d6da0a9ab5f","6894","7735","387c1fc","3090","ImageNet_A","1997","imga10_dualmask_off_seed1997","T10","10","10","metrics_complete","60a032607483efd765512ef1b2d8a99ff9140d918bcaa8ade2e27b3d9b802cc3","70.058","60.24","56.86","83.42","23.6378","83.94","1051.4","{""init_epoch"":20,""epochs"":20,""init_lr"":0.01,""lrate"":0.01,""ca_epochs"":5,""dual_mask_anchor_reg_weight"":10,""dual_mask_reg_weight"":0.01,""dual_mask_conflict_reg_enabled"":true,""dual_mask_conflict_ratio"":0.1,""dual_mask_conflict_strength"":0.5,""dual_mask_conflict_energy_adaptive"":true,""dual_mask_conflict_old_overlap_adaptive"":true,""dual_mask_private_conflict_mode"":""global""}"
"588eb71eef78-R010","/Users/luxiaogen/Desktop/loda_logs/9-21/9_20_single_3090_overnight.log","docs/experiments/raw/experiments/2026.09.26_实验查重_DM-B-260926-006/588eb71eef_9_20_single_3090_overnight.log","588eb71eef78e7a46f6237a84334b7628b564b60462493c3cda49d6da0a9ab5f","7735","8573","387c1fc","3090","CUB","1993","cub10_dualmask_off_seed1993","T10","10","10","metrics_complete","6161d431d2ef0231271612172c6306f2c5e87f42a7a6af99a48ed1aeb9d10291","91.761","87.32","86.56","94.35","9.5589","98.79","1575.05","{""init_epoch"":20,""epochs"":20,""init_lr"":0.005,""lrate"":0.005,""ca_epochs"":5,""dual_mask_anchor_reg_weight"":10,""dual_mask_reg_weight"":0.01,""dual_mask_conflict_reg_enabled"":true,""dual_mask_conflict_ratio"":0.1,""dual_mask_conflict_strength"":0.5,""dual_mask_conflict_energy_adaptive"":true,""dual_mask_conflict_old_overlap_adaptive"":true,""dual_mask_private_conflict_mode"":""global""}"
"588eb71eef78-R011","/Users/luxiaogen/Desktop/loda_logs/9-21/9_20_single_3090_overnight.log","docs/experiments/raw/experiments/2026.09.26_实验查重_DM-B-260926-006/588eb71eef_9_20_single_3090_overnight.log","588eb71eef78e7a46f6237a84334b7628b564b60462493c3cda49d6da0a9ab5f","8573","9413","387c1fc","3090","CUB","1996","cub10_dualmask_off_seed1996","T10","10","10","metrics_complete","351c609db477eb77bf00e09fed3a185b6d291dbafec9210f008e2f450dd0763f","92.18599999999999","86.01","85.5","90.46","10.2178","99.6","1581.93","{""init_epoch"":20,""epochs"":20,""init_lr"":0.005,""lrate"":0.005,""ca_epochs"":5,""dual_mask_anchor_reg_weight"":10,""dual_mask_reg_weight"":0.01,""dual_mask_conflict_reg_enabled"":true,""dual_mask_conflict_ratio"":0.1,""dual_mask_conflict_strength"":0.5,""dual_mask_conflict_energy_adaptive"":true,""dual_mask_conflict_old_overlap_adaptive"":true,""dual_mask_private_conflict_mode"":""global""}"
"588eb71eef78-R012","/Users/luxiaogen/Desktop/loda_logs/9-21/9_20_single_3090_overnight.log","docs/experiments/raw/experiments/2026.09.26_实验查重_DM-B-260926-006/588eb71eef_9_20_single_3090_overnight.log","588eb71eef78e7a46f6237a84334b7628b564b60462493c3cda49d6da0a9ab5f","9413","10245","387c1fc","3090","CUB","1997","cub10_dualmask_off_seed1997","T10","10","10","metrics_complete","1cfb5b98895a0bbafff6600e8034fa59db8d92717b13f424c46085e59aa82f36","91.821","86.64","86.37","89.08","9.3544","96.55","1583.69","{""init_epoch"":20,""epochs"":20,""init_lr"":0.005,""lrate"":0.005,""ca_epochs"":5,""dual_mask_anchor_reg_weight"":10,""dual_mask_reg_weight"":0.01,""dual_mask_conflict_reg_enabled"":true,""dual_mask_conflict_ratio"":0.1,""dual_mask_conflict_strength"":0.5,""dual_mask_conflict_energy_adaptive"":true,""dual_mask_conflict_old_overlap_adaptive"":true,""dual_mask_private_conflict_mode"":""global""}"
"e93df6197d4c-R001","/Users/luxiaogen/Desktop/loda_logs/9-21/9_21_imgr10_importance_matched_top10_seed1993.log","docs/experiments/raw/experiments/2026.09.26_实验查重_DM-B-260926-006/e93df6197d_9_21_imgr10_importance_matched_top10_seed1993.log","e93df6197d4c048c0099aa6b582a8ec2044e3f506462e8bf008ed77d066e9092","22","906","cb42ebd","","ImageNet_R","1993","imgr10_svd_global_top10_seed1993","T10","10","10","metrics_complete","1f5887045293e5ec332af05f2ef63618cca712dbbf8f72723de444d41c5f3a0e","86.833","81.68","80.96","88.43","7.5667","96.52","4634.08","{""init_epoch"":20,""epochs"":20,""init_lr"":0.02,""lrate"":0.02,""ca_epochs"":5,""dual_mask_anchor_reg_weight"":10,""dual_mask_reg_weight"":0.01,""dual_mask_conflict_reg_enabled"":false,""dual_mask_conflict_ratio"":0.1,""dual_mask_conflict_strength"":0.5,""dual_mask_conflict_energy_adaptive"":true,""dual_mask_conflict_old_overlap_adaptive"":true,""dual_mask_private_conflict_mode"":""global""}"
"e93df6197d4c-R002","/Users/luxiaogen/Desktop/loda_logs/9-21/9_21_imgr10_importance_matched_top10_seed1993.log","docs/experiments/raw/experiments/2026.09.26_实验查重_DM-B-260926-006/e93df6197d_9_21_imgr10_importance_matched_top10_seed1993.log","e93df6197d4c048c0099aa6b582a8ec2044e3f506462e8bf008ed77d066e9092","906","1781","cb42ebd","","ImageNet_R","1993","imgr10_magnitude_global_top10_seed1993","T10","10","10","metrics_complete","de99ec2ee9be0f4aa130b1beae40e1f5005a4dd59be32d193638426a927d4b09","86.162","80.37","79.39","89.46","11.1733","96.37","4573.93","{""init_epoch"":20,""epochs"":20,""init_lr"":0.02,""lrate"":0.02,""ca_epochs"":5,""dual_mask_anchor_reg_weight"":10,""dual_mask_reg_weight"":0.01,""dual_mask_conflict_reg_enabled"":false,""dual_mask_conflict_ratio"":0.1,""dual_mask_conflict_strength"":0.5,""dual_mask_conflict_energy_adaptive"":true,""dual_mask_conflict_old_overlap_adaptive"":true,""dual_mask_private_conflict_mode"":""global""}"
"e5477b5f2f3f-R001","/Users/luxiaogen/Desktop/loda_logs/9-21/9_21_imgr10_lori_s_cd_full_3090.log","docs/experiments/raw/experiments/2026.09.26_实验查重_DM-B-260926-006/e5477b5f2f_9_21_imgr10_lori_s_cd_full_3090.log","e5477b5f2f3fd748353adfcc099d4de2f1cf441d9859e4d8019adca145b736cf","15","1109","","3090","ImageNet_R","1993","imgr10_lori_s_C_no_dualmask_full","T10","10","10","metrics_complete","28415cca26f96ab26edb807ba33e78e262877e56d1d22a2b66826a606fb6810c","83.926","77.77","","","14.9644","94.05","4261.95","{""init_epoch"":20,""epochs"":20,""init_lr"":0.02,""lrate"":0.02,""ca_epochs"":5,""dual_mask_anchor_reg_weight"":10,""dual_mask_reg_weight"":0.01,""dual_mask_conflict_reg_enabled"":false,""dual_mask_conflict_ratio"":0.1,""dual_mask_conflict_strength"":0.5,""dual_mask_conflict_energy_adaptive"":true,""dual_mask_conflict_old_overlap_adaptive"":true,""dual_mask_private_conflict_mode"":""global""}"
"e5477b5f2f3f-R002","/Users/luxiaogen/Desktop/loda_logs/9-21/9_21_imgr10_lori_s_cd_full_3090.log","docs/experiments/raw/experiments/2026.09.26_实验查重_DM-B-260926-006/e5477b5f2f_9_21_imgr10_lori_s_cd_full_3090.log","e5477b5f2f3fd748353adfcc099d4de2f1cf441d9859e4d8019adca145b736cf","1109","2240","","3090","ImageNet_R","1993","imgr10_lori_s_D_dualmask_full","T10","10","10","metrics_complete","dc65876dffdf4f85c2797a3d904a70b9d2ccc649be27947ed61c64a9175d1edb","86.12199999999999","81.83","","","5.7533","95.07","5028.66","{""init_epoch"":20,""epochs"":20,""init_lr"":0.02,""lrate"":0.02,""ca_epochs"":5,""dual_mask_anchor_reg_weight"":10,""dual_mask_reg_weight"":0.01,""dual_mask_conflict_reg_enabled"":false,""dual_mask_conflict_ratio"":0.1,""dual_mask_conflict_strength"":0.5,""dual_mask_conflict_energy_adaptive"":true,""dual_mask_conflict_old_overlap_adaptive"":true,""dual_mask_private_conflict_mode"":""global""}"
"67d79dace47e-R001","/Users/luxiaogen/Desktop/loda_logs/9-21/9_21_imgr10_lori_s_cd_smoke.log","docs/experiments/raw/experiments/2026.09.26_实验查重_DM-B-260926-006/67d79dace4_9_21_imgr10_lori_s_cd_smoke.log","67d79dace47e0b8efc72a83869274970e58a1e98752a7198303624faf5315188","14","406","","","ImageNet_R","1993","imgr10_lori_s_C_no_dualmask_smoke","T3_screen","3","3","metrics_complete","75fc85fa92276d83059403436b770218f34994f62854b95c7ce3b25c90329afc","88.08666666666666","85.05","","","5.705","90.57","287.85","{""init_epoch"":2,""epochs"":2,""init_lr"":0.02,""lrate"":0.02,""ca_epochs"":1,""dual_mask_anchor_reg_weight"":10,""dual_mask_reg_weight"":0.01,""dual_mask_conflict_reg_enabled"":false,""dual_mask_conflict_ratio"":0.1,""dual_mask_conflict_strength"":0.5,""dual_mask_conflict_energy_adaptive"":true,""dual_mask_conflict_old_overlap_adaptive"":true,""dual_mask_private_conflict_mode"":""global""}"
"67d79dace47e-R002","/Users/luxiaogen/Desktop/loda_logs/9-21/9_21_imgr10_lori_s_cd_smoke.log","docs/experiments/raw/experiments/2026.09.26_实验查重_DM-B-260926-006/67d79dace4_9_21_imgr10_lori_s_cd_smoke.log","67d79dace47e0b8efc72a83869274970e58a1e98752a7198303624faf5315188","406","808","","","ImageNet_R","1993","imgr10_lori_s_D_dualmask_smoke","T3_screen","3","3","metrics_complete","b0719d92c64cae0465ac2445e8eb12e784bb2819101fbaa17f06289c13b6e75c","87.52","84.43","","","3.545","91.15","352.38","{""init_epoch"":2,""epochs"":2,""init_lr"":0.02,""lrate"":0.02,""ca_epochs"":1,""dual_mask_anchor_reg_weight"":10,""dual_mask_reg_weight"":0.01,""dual_mask_conflict_reg_enabled"":false,""dual_mask_conflict_ratio"":0.1,""dual_mask_conflict_strength"":0.5,""dual_mask_conflict_energy_adaptive"":true,""dual_mask_conflict_old_overlap_adaptive"":true,""dual_mask_private_conflict_mode"":""global""}"
"ee293210224c-R001","/Users/luxiaogen/Desktop/loda_logs/9-22/9_21_imgr10_branch_gate_3090_overnight.log","docs/experiments/raw/experiments/2026.09.26_实验查重_DM-B-260926-006/ee29321022_9_21_imgr10_branch_gate_3090_overnight.log","ee293210224cb8ff287fd73c1259e179def82813cb876ef3d605fc63591a4628","21","828","f19a245","3090","ImageNet_R","1993","imgr10_b_p_conflict_off_smoke_seed1993","smoke","10","10","metrics_complete","2753762ec14fd5e10b4f06a36e3b6b60215087551458fa37f815f83c5c4aaa49","81.47900000000001","76.73","","","5.5678","90.71","713.14","{""init_epoch"":1,""epochs"":1,""init_lr"":0.02,""lrate"":0.02,""ca_epochs"":10,""dual_mask_anchor_reg_weight"":10,""dual_mask_reg_weight"":0.01,""dual_mask_conflict_reg_enabled"":false,""dual_mask_conflict_ratio"":0.1,""dual_mask_conflict_strength"":0.5,""dual_mask_conflict_energy_adaptive"":true,""dual_mask_conflict_old_overlap_adaptive"":true,""dual_mask_private_conflict_mode"":null,""dual_mask_s_protect_enabled"":true}"
"ee293210224c-R002","/Users/luxiaogen/Desktop/loda_logs/9-22/9_21_imgr10_branch_gate_3090_overnight.log","docs/experiments/raw/experiments/2026.09.26_实验查重_DM-B-260926-006/ee29321022_9_21_imgr10_branch_gate_3090_overnight.log","ee293210224cb8ff287fd73c1259e179def82813cb876ef3d605fc63591a4628","828","1712","f19a245","3090","ImageNet_R","1993","imgr10_a_baseline_seed1993","T10","10","10","metrics_complete","8d72aabb3cc1a093a2ac6b71e1e210c98df756f62cce1a8767d51faa44328e98","87.161","82.58","82.27","85.49","5.3667","97.1","4634.57","{""init_epoch"":20,""epochs"":20,""init_lr"":0.02,""lrate"":0.02,""ca_epochs"":5,""dual_mask_anchor_reg_weight"":10,""dual_mask_reg_weight"":0.01,""dual_mask_conflict_reg_enabled"":false,""dual_mask_conflict_ratio"":0.1,""dual_mask_conflict_strength"":0.5,""dual_mask_conflict_energy_adaptive"":true,""dual_mask_conflict_old_overlap_adaptive"":true,""dual_mask_private_conflict_mode"":""global"",""dual_mask_s_protect_enabled"":true}"
"ee293210224c-R003","/Users/luxiaogen/Desktop/loda_logs/9-22/9_21_imgr10_branch_gate_3090_overnight.log","docs/experiments/raw/experiments/2026.09.26_实验查重_DM-B-260926-006/ee29321022_9_21_imgr10_branch_gate_3090_overnight.log","ee293210224cb8ff287fd73c1259e179def82813cb876ef3d605fc63591a4628","1712","2597","f19a245","3090","ImageNet_R","1993","imgr10_b_p_conflict_off_seed1993","T10","10","10","metrics_complete","7ff1907a82e24433a3842a8bd21c06db092eaddb3dad30cd334bf595a7bcc04d","86.523","81.43","80.65","88.77","8.3789","96.52","4369.46","{""init_epoch"":20,""epochs"":20,""init_lr"":0.02,""lrate"":0.02,""ca_epochs"":5,""dual_mask_anchor_reg_weight"":10,""dual_mask_reg_weight"":0.01,""dual_mask_conflict_reg_enabled"":false,""dual_mask_conflict_ratio"":0.1,""dual_mask_conflict_strength"":0.5,""dual_mask_conflict_energy_adaptive"":true,""dual_mask_conflict_old_overlap_adaptive"":true,""dual_mask_private_conflict_mode"":null,""dual_mask_s_protect_enabled"":true}"
"ee293210224c-R004","/Users/luxiaogen/Desktop/loda_logs/9-22/9_21_imgr10_branch_gate_3090_overnight.log","docs/experiments/raw/experiments/2026.09.26_实验查重_DM-B-260926-006/ee29321022_9_21_imgr10_branch_gate_3090_overnight.log","ee293210224cb8ff287fd73c1259e179def82813cb876ef3d605fc63591a4628","2597","3482","f19a245","3090","ImageNet_R","1993","imgr10_c_all_conflict_off_seed1993","T10","10","10","metrics_complete","b5c82248154efe2c9c570d92cd3f7b9f5c4092f84bd8f2a43b4b123ecce945b8","86.18700000000001","80.37","79.34","89.98","10.4489","96.37","4647.28","{""init_epoch"":20,""epochs"":20,""init_lr"":0.02,""lrate"":0.02,""ca_epochs"":5,""dual_mask_anchor_reg_weight"":10,""dual_mask_reg_weight"":0.01,""dual_mask_conflict_reg_enabled"":false,""dual_mask_conflict_ratio"":0.1,""dual_mask_conflict_strength"":0,""dual_mask_conflict_energy_adaptive"":true,""dual_mask_conflict_old_overlap_adaptive"":true,""dual_mask_private_conflict_mode"":""global"",""dual_mask_s_protect_enabled"":true}"
"ee293210224c-R005","/Users/luxiaogen/Desktop/loda_logs/9-22/9_21_imgr10_branch_gate_3090_overnight.log","docs/experiments/raw/experiments/2026.09.26_实验查重_DM-B-260926-006/ee29321022_9_21_imgr10_branch_gate_3090_overnight.log","ee293210224cb8ff287fd73c1259e179def82813cb876ef3d605fc63591a4628","3482","4373","f19a245","3090","ImageNet_R","1993","imgr10_d_s_protect_off_seed1993","T10","10","10","metrics_complete","9a191953092eb1a524d51073b6b085b8baf837ff4624e0a9537e73108c261262","86.96900000000001","82.43","81.96","86.87","6.2078","96.52","4641.52","{""init_epoch"":20,""epochs"":20,""init_lr"":0.02,""lrate"":0.02,""ca_epochs"":5,""dual_mask_anchor_reg_weight"":10,""dual_mask_reg_weight"":0.01,""dual_mask_conflict_reg_enabled"":false,""dual_mask_conflict_ratio"":0.1,""dual_mask_conflict_strength"":0.5,""dual_mask_conflict_energy_adaptive"":true,""dual_mask_conflict_old_overlap_adaptive"":true,""dual_mask_private_conflict_mode"":""global"",""dual_mask_s_protect_enabled"":false}"
"ee293210224c-R006","/Users/luxiaogen/Desktop/loda_logs/9-22/9_21_imgr10_branch_gate_3090_overnight.log","docs/experiments/raw/experiments/2026.09.26_实验查重_DM-B-260926-006/ee29321022_9_21_imgr10_branch_gate_3090_overnight.log","ee293210224cb8ff287fd73c1259e179def82813cb876ef3d605fc63591a4628","4373","5258","f19a245","3090","ImageNet_R","1996","imgr10_b_p_conflict_off_seed1996","T10","10","10","metrics_complete","2c18e021bbc7c2f4525a3dfe6eb8202034bbaa160b12998f0c2bf2863bfdf56c","86.252","81.38","80.51","89.14","9.6011","94.24","4280.32","{""init_epoch"":20,""epochs"":20,""init_lr"":0.02,""lrate"":0.02,""ca_epochs"":5,""dual_mask_anchor_reg_weight"":10,""dual_mask_reg_weight"":0.01,""dual_mask_conflict_reg_enabled"":false,""dual_mask_conflict_ratio"":0.1,""dual_mask_conflict_strength"":0.5,""dual_mask_conflict_energy_adaptive"":true,""dual_mask_conflict_old_overlap_adaptive"":true,""dual_mask_private_conflict_mode"":null,""dual_mask_s_protect_enabled"":true}"
"ee293210224c-R007","/Users/luxiaogen/Desktop/loda_logs/9-22/9_21_imgr10_branch_gate_3090_overnight.log","docs/experiments/raw/experiments/2026.09.26_实验查重_DM-B-260926-006/ee29321022_9_21_imgr10_branch_gate_3090_overnight.log","ee293210224cb8ff287fd73c1259e179def82813cb876ef3d605fc63591a4628","5258","6132","f19a245","3090","ImageNet_R","1997","imgr10_b_p_conflict_off_seed1997","T10","10","10","metrics_complete","cb45a4e4c0feed6ea74f72ee955f49ac1c98191ef985c2acd93fe18bfa44c990","85.678","81.13","80.06","90.99","9.74","94.94","4292.3","{""init_epoch"":20,""epochs"":20,""init_lr"":0.02,""lrate"":0.02,""ca_epochs"":5,""dual_mask_anchor_reg_weight"":10,""dual_mask_reg_weight"":0.01,""dual_mask_conflict_reg_enabled"":false,""dual_mask_conflict_ratio"":0.1,""dual_mask_conflict_strength"":0.5,""dual_mask_conflict_energy_adaptive"":true,""dual_mask_conflict_old_overlap_adaptive"":true,""dual_mask_private_conflict_mode"":null,""dual_mask_s_protect_enabled"":true}"
"aba08d59060c-R001","/Users/luxiaogen/Desktop/loda_logs/9-22/9_22_imgr10_global_conflict_screen_3090.log","docs/experiments/raw/experiments/2026.09.26_实验查重_DM-B-260926-006/aba08d5906_9_22_imgr10_global_conflict_screen_3090.log","aba08d59060c5c2d3ba76b7a0959426330e2baba9fa55fd2a77860341af3202c","24","408","ea4565d","3090","ImageNet_R","1993","imgr10_layer_budget_seed1993","T3_screen","3","3","metrics_complete","3961a0bed5ca2fa703bf30f78f0c5ff40cc2da73d2ff9079fd23db392b0ffd8e","92.96","89.78","90.99","87.13","2.69","96.37","1338.27","{""init_epoch"":20,""epochs"":20,""init_lr"":0.02,""lrate"":0.02,""ca_epochs"":10,""dual_mask_anchor_reg_weight"":10,""dual_mask_reg_weight"":0.1,""dual_mask_conflict_reg_enabled"":true,""dual_mask_conflict_ratio"":0.1,""dual_mask_conflict_strength"":0.5,""dual_mask_conflict_energy_adaptive"":true,""dual_mask_conflict_old_overlap_adaptive"":true,""dual_mask_conflict_granularity"":""layer"",""dual_mask_private_conflict_mode"":""global""}"
"aba08d59060c-R002","/Users/luxiaogen/Desktop/loda_logs/9-22/9_22_imgr10_global_conflict_screen_3090.log","docs/experiments/raw/experiments/2026.09.26_实验查重_DM-B-260926-006/aba08d5906_9_22_imgr10_global_conflict_screen_3090.log","aba08d59060c5c2d3ba76b7a0959426330e2baba9fa55fd2a77860341af3202c","408","864","ea4565d","3090","ImageNet_R","1993","imgr10_model_budget_seed1993","T3_screen","3","3","metrics_complete","cbfaf35e01490a5187f287d476509bb664e0cdc03a833cb95a3735d8f2cabff7","92.83","89.98","90.84","88.12","2.53","96.23","1345.38","{""init_epoch"":20,""epochs"":20,""init_lr"":0.02,""lrate"":0.02,""ca_epochs"":10,""dual_mask_anchor_reg_weight"":10,""dual_mask_reg_weight"":0.1,""dual_mask_conflict_reg_enabled"":true,""dual_mask_conflict_ratio"":0.1,""dual_mask_conflict_strength"":0.5,""dual_mask_conflict_energy_adaptive"":true,""dual_mask_conflict_old_overlap_adaptive"":true,""dual_mask_conflict_granularity"":""model"",""dual_mask_private_conflict_mode"":""global""}"
"64c7ab51e3e3-R001","/Users/luxiaogen/Desktop/loda_logs/9-22/9_22_imgr10_p_strength_5090.log","docs/experiments/raw/experiments/2026.09.26_实验查重_DM-B-260926-006/64c7ab51e3_9_22_imgr10_p_strength_5090.log","64c7ab51e3e354c76503be760e205216aa1e67d950e2ef1b397cdf0629572d5b","13","833","","5090","ImageNet_R","1993","imgr10_p_beta025_smoke_seed1993","smoke","10","2","incomplete_or_unparsed;section_error_review","cf734d172f407edcdc6ae06c56612133a59c8f6287444bc2ade6943a6bd7fe8c","81.406","76.12","","","5.9722","91","657.92","{""init_epoch"":1,""epochs"":1,""init_lr"":0.02,""lrate"":0.02,""ca_epochs"":10,""dual_mask_anchor_reg_weight"":10,""dual_mask_reg_weight"":0.01,""dual_mask_conflict_reg_enabled"":false,""dual_mask_conflict_ratio"":0.1,""dual_mask_conflict_strength"":0.5,""dual_mask_conflict_energy_adaptive"":true,""dual_mask_conflict_old_overlap_adaptive"":true,""dual_mask_private_conflict_mode"":""global"",""dual_mask_s_protect_enabled"":true}"
"64c7ab51e3e3-R002","/Users/luxiaogen/Desktop/loda_logs/9-22/9_22_imgr10_p_strength_5090.log","docs/experiments/raw/experiments/2026.09.26_实验查重_DM-B-260926-006/64c7ab51e3_9_22_imgr10_p_strength_5090.log","64c7ab51e3e354c76503be760e205216aa1e67d950e2ef1b397cdf0629572d5b","833","1722","","5090","ImageNet_R","1993","imgr10_p_beta025_seed1993","T10","10","10","metrics_complete","ea5f079ae4ce199b95eaf1fca31902557b244f0d9ea916df7fc763b41c92ff4e","86.857","82.13","81.63","86.87","6.6133","96.66","3438.11","{""init_epoch"":20,""epochs"":20,""init_lr"":0.02,""lrate"":0.02,""ca_epochs"":5,""dual_mask_anchor_reg_weight"":10,""dual_mask_reg_weight"":0.01,""dual_mask_conflict_reg_enabled"":false,""dual_mask_conflict_ratio"":0.1,""dual_mask_conflict_strength"":0.5,""dual_mask_conflict_energy_adaptive"":true,""dual_mask_conflict_old_overlap_adaptive"":true,""dual_mask_private_conflict_mode"":""global"",""dual_mask_s_protect_enabled"":true}"
"64c7ab51e3e3-R003","/Users/luxiaogen/Desktop/loda_logs/9-22/9_22_imgr10_p_strength_5090.log","docs/experiments/raw/experiments/2026.09.26_实验查重_DM-B-260926-006/64c7ab51e3_9_22_imgr10_p_strength_5090.log","64c7ab51e3e354c76503be760e205216aa1e67d950e2ef1b397cdf0629572d5b","1722","2615","","5090","ImageNet_R","1993","imgr10_p_beta050_seed1993","T10","10","10","metrics_complete","710a5e78d35382e74a02a9628b777d21f0c38aa096f70f32164a90dcab762ab6","87.049","82.62","82.22","86.36","5.4389","96.37","7423.45","{""init_epoch"":20,""epochs"":20,""init_lr"":0.02,""lrate"":0.02,""ca_epochs"":5,""dual_mask_anchor_reg_weight"":10,""dual_mask_reg_weight"":0.01,""dual_mask_conflict_reg_enabled"":false,""dual_mask_conflict_ratio"":0.1,""dual_mask_conflict_strength"":0.5,""dual_mask_conflict_energy_adaptive"":true,""dual_mask_conflict_old_overlap_adaptive"":true,""dual_mask_private_conflict_mode"":""global"",""dual_mask_s_protect_enabled"":true}"
"64c7ab51e3e3-R004","/Users/luxiaogen/Desktop/loda_logs/9-22/9_22_imgr10_p_strength_5090.log","docs/experiments/raw/experiments/2026.09.26_实验查重_DM-B-260926-006/64c7ab51e3_9_22_imgr10_p_strength_5090.log","64c7ab51e3e354c76503be760e205216aa1e67d950e2ef1b397cdf0629572d5b","2615","3506","","5090","ImageNet_R","1993","imgr10_p_beta075_seed1993","T10","10","10","metrics_complete","733b37d3f4d18768dca16128664de3bdf2a815533a6ac23c06310dbd893e7b89","86.98599999999999","82.3","82.03","84.8","4.9567","96.66","2852.1","{""init_epoch"":20,""epochs"":20,""init_lr"":0.02,""lrate"":0.02,""ca_epochs"":5,""dual_mask_anchor_reg_weight"":10,""dual_mask_reg_weight"":0.01,""dual_mask_conflict_reg_enabled"":false,""dual_mask_conflict_ratio"":0.1,""dual_mask_conflict_strength"":0.5,""dual_mask_conflict_energy_adaptive"":true,""dual_mask_conflict_old_overlap_adaptive"":true,""dual_mask_private_conflict_mode"":""global"",""dual_mask_s_protect_enabled"":true}"
"64c7ab51e3e3-R005","/Users/luxiaogen/Desktop/loda_logs/9-22/9_22_imgr10_p_strength_5090.log","docs/experiments/raw/experiments/2026.09.26_实验查重_DM-B-260926-006/64c7ab51e3_9_22_imgr10_p_strength_5090.log","64c7ab51e3e354c76503be760e205216aa1e67d950e2ef1b397cdf0629572d5b","3506","4397","","5090","ImageNet_R","1996","imgr10_p_beta025_seed1996","T10","10","10","metrics_complete","c2899228a86eb1792848d13823e09782c7cb791dc0cf232cc27b9f093741bc16","86.40099999999998","81.77","81.08","87.83","8.2311","94.55","2870.31","{""init_epoch"":20,""epochs"":20,""init_lr"":0.02,""lrate"":0.02,""ca_epochs"":5,""dual_mask_anchor_reg_weight"":10,""dual_mask_reg_weight"":0.01,""dual_mask_conflict_reg_enabled"":false,""dual_mask_conflict_ratio"":0.1,""dual_mask_conflict_strength"":0.5,""dual_mask_conflict_energy_adaptive"":true,""dual_mask_conflict_old_overlap_adaptive"":true,""dual_mask_private_conflict_mode"":""global"",""dual_mask_s_protect_enabled"":true}"
"64c7ab51e3e3-R006","/Users/luxiaogen/Desktop/loda_logs/9-22/9_22_imgr10_p_strength_5090.log","docs/experiments/raw/experiments/2026.09.26_实验查重_DM-B-260926-006/64c7ab51e3_9_22_imgr10_p_strength_5090.log","64c7ab51e3e354c76503be760e205216aa1e67d950e2ef1b397cdf0629572d5b","4397","5283","","5090","ImageNet_R","1996","imgr10_p_beta050_seed1996","T10","10","10","metrics_complete","0d02eb19f43ab613ffbba816b1dd7c0128f255dfb0e6745167db69d639749967","86.483","82.12","81.51","87.5","7.15","94.55","2767.06","{""init_epoch"":20,""epochs"":20,""init_lr"":0.02,""lrate"":0.02,""ca_epochs"":5,""dual_mask_anchor_reg_weight"":10,""dual_mask_reg_weight"":0.01,""dual_mask_conflict_reg_enabled"":false,""dual_mask_conflict_ratio"":0.1,""dual_mask_conflict_strength"":0.5,""dual_mask_conflict_energy_adaptive"":true,""dual_mask_conflict_old_overlap_adaptive"":true,""dual_mask_private_conflict_mode"":""global"",""dual_mask_s_protect_enabled"":true}"
"64c7ab51e3e3-R007","/Users/luxiaogen/Desktop/loda_logs/9-22/9_22_imgr10_p_strength_5090.log","docs/experiments/raw/experiments/2026.09.26_实验查重_DM-B-260926-006/64c7ab51e3_9_22_imgr10_p_strength_5090.log","64c7ab51e3e354c76503be760e205216aa1e67d950e2ef1b397cdf0629572d5b","5283","6168","","5090","ImageNet_R","1996","imgr10_p_beta075_seed1996","T10","10","10","metrics_complete","d5b4dc4c11ca9421d98f388fbadc7a1d9bd02fca12e02945775c5183ae9d32a2","86.288","81.87","81.29","87.01","6.6233","94.24","2768.1","{""init_epoch"":20,""epochs"":20,""init_lr"":0.02,""lrate"":0.02,""ca_epochs"":5,""dual_mask_anchor_reg_weight"":10,""dual_mask_reg_weight"":0.01,""dual_mask_conflict_reg_enabled"":false,""dual_mask_conflict_ratio"":0.1,""dual_mask_conflict_strength"":0.5,""dual_mask_conflict_energy_adaptive"":true,""dual_mask_conflict_old_overlap_adaptive"":true,""dual_mask_private_conflict_mode"":""global"",""dual_mask_s_protect_enabled"":true}"
"64c7ab51e3e3-R008","/Users/luxiaogen/Desktop/loda_logs/9-22/9_22_imgr10_p_strength_5090.log","docs/experiments/raw/experiments/2026.09.26_实验查重_DM-B-260926-006/64c7ab51e3_9_22_imgr10_p_strength_5090.log","64c7ab51e3e354c76503be760e205216aa1e67d950e2ef1b397cdf0629572d5b","6168","7053","","5090","ImageNet_R","1997","imgr10_p_beta025_seed1997","T10","10","10","metrics_complete","1684ceb99ef823737a489bd6cf64c6bebfaac34cc550a420b3a19cadc06d08d9","86.112","82.05","81.12","90.65","7.8289","94.94","2773.94","{""init_epoch"":20,""epochs"":20,""init_lr"":0.02,""lrate"":0.02,""ca_epochs"":5,""dual_mask_anchor_reg_weight"":10,""dual_mask_reg_weight"":0.01,""dual_mask_conflict_reg_enabled"":false,""dual_mask_conflict_ratio"":0.1,""dual_mask_conflict_strength"":0.5,""dual_mask_conflict_energy_adaptive"":true,""dual_mask_conflict_old_overlap_adaptive"":true,""dual_mask_private_conflict_mode"":""global"",""dual_mask_s_protect_enabled"":true}"
"64c7ab51e3e3-R009","/Users/luxiaogen/Desktop/loda_logs/9-22/9_22_imgr10_p_strength_5090.log","docs/experiments/raw/experiments/2026.09.26_实验查重_DM-B-260926-006/64c7ab51e3_9_22_imgr10_p_strength_5090.log","64c7ab51e3e354c76503be760e205216aa1e67d950e2ef1b397cdf0629572d5b","7053","7938","","5090","ImageNet_R","1997","imgr10_p_beta050_seed1997","T10","10","10","metrics_complete","4ab351e7d5da054d3065f08bdc84e2055c420e13568855bc3c83ba3751784d3c","86.406","82.33","81.58","89.29","6.4211","95.32","2772.73","{""init_epoch"":20,""epochs"":20,""init_lr"":0.02,""lrate"":0.02,""ca_epochs"":5,""dual_mask_anchor_reg_weight"":10,""dual_mask_reg_weight"":0.01,""dual_mask_conflict_reg_enabled"":false,""dual_mask_conflict_ratio"":0.1,""dual_mask_conflict_strength"":0.5,""dual_mask_conflict_energy_adaptive"":true,""dual_mask_conflict_old_overlap_adaptive"":true,""dual_mask_private_conflict_mode"":""global"",""dual_mask_s_protect_enabled"":true}"
"64c7ab51e3e3-R010","/Users/luxiaogen/Desktop/loda_logs/9-22/9_22_imgr10_p_strength_5090.log","docs/experiments/raw/experiments/2026.09.26_实验查重_DM-B-260926-006/64c7ab51e3_9_22_imgr10_p_strength_5090.log","64c7ab51e3e354c76503be760e205216aa1e67d950e2ef1b397cdf0629572d5b","7938","8815","","5090","ImageNet_R","1997","imgr10_p_beta075_seed1997","T10","10","10","metrics_complete","b1099930c6cd178162f235b47c5a74144a6bd4511ad552fae8d7bfc1dcb97972","86.107","82.22","81.43","89.46","5.6978","94.76","2810.19","{""init_epoch"":20,""epochs"":20,""init_lr"":0.02,""lrate"":0.02,""ca_epochs"":5,""dual_mask_anchor_reg_weight"":10,""dual_mask_reg_weight"":0.01,""dual_mask_conflict_reg_enabled"":false,""dual_mask_conflict_ratio"":0.1,""dual_mask_conflict_strength"":0.5,""dual_mask_conflict_energy_adaptive"":true,""dual_mask_conflict_old_overlap_adaptive"":true,""dual_mask_private_conflict_mode"":""global"",""dual_mask_s_protect_enabled"":true}"
"979e1b4e5b6e-R001","/Users/luxiaogen/Desktop/loda_logs/9-23/9_22_imgr10_s_protect_followup_3090_rerun.log","docs/experiments/raw/experiments/2026.09.26_实验查重_DM-B-260926-006/979e1b4e5b_9_22_imgr10_s_protect_followup_3090_rerun.log","979e1b4e5b6e5c221656eb983f03e65c914cff8555387031ee81ee71abe1e590","21","906","","3090","ImageNet_R","1996","imgr10_a_baseline_seed1996","T10","10","10","metrics_complete","0d02eb19f43ab613ffbba816b1dd7c0128f255dfb0e6745167db69d639749967","86.452","82.07","81.47","87.34","6.8656","94.55","4509.56","{""init_epoch"":20,""epochs"":20,""init_lr"":0.02,""lrate"":0.02,""ca_epochs"":5,""dual_mask_anchor_reg_weight"":10,""dual_mask_reg_weight"":0.01,""dual_mask_conflict_reg_enabled"":false,""dual_mask_conflict_ratio"":0.1,""dual_mask_conflict_strength"":0.5,""dual_mask_conflict_energy_adaptive"":true,""dual_mask_conflict_old_overlap_adaptive"":true,""dual_mask_private_conflict_mode"":""global"",""dual_mask_s_protect_enabled"":true}"
"979e1b4e5b6e-R002","/Users/luxiaogen/Desktop/loda_logs/9-23/9_22_imgr10_s_protect_followup_3090_rerun.log","docs/experiments/raw/experiments/2026.09.26_实验查重_DM-B-260926-006/979e1b4e5b_9_22_imgr10_s_protect_followup_3090_rerun.log","979e1b4e5b6e5c221656eb983f03e65c914cff8555387031ee81ee71abe1e590","906","1792","","3090","ImageNet_R","1996","imgr10_d_s_protect_off_seed1996","T10","10","10","metrics_complete","9aa23ce91d88777241e1f76ce7d8e2a8ed42391e072a1b5bd9c415e7a89c8223","86.50500000000001","81.87","81.08","88.82","8.34","95.15","4602.09","{""init_epoch"":20,""epochs"":20,""init_lr"":0.02,""lrate"":0.02,""ca_epochs"":5,""dual_mask_anchor_reg_weight"":10,""dual_mask_reg_weight"":0.01,""dual_mask_conflict_reg_enabled"":false,""dual_mask_conflict_ratio"":0.1,""dual_mask_conflict_strength"":0.5,""dual_mask_conflict_energy_adaptive"":true,""dual_mask_conflict_old_overlap_adaptive"":true,""dual_mask_private_conflict_mode"":""global"",""dual_mask_s_protect_enabled"":false}"
"979e1b4e5b6e-R003","/Users/luxiaogen/Desktop/loda_logs/9-23/9_22_imgr10_s_protect_followup_3090_rerun.log","docs/experiments/raw/experiments/2026.09.26_实验查重_DM-B-260926-006/979e1b4e5b_9_22_imgr10_s_protect_followup_3090_rerun.log","979e1b4e5b6e5c221656eb983f03e65c914cff8555387031ee81ee71abe1e590","1792","2677","","3090","ImageNet_R","1997","imgr10_a_baseline_seed1997","T10","10","10","metrics_complete","4ab351e7d5da054d3065f08bdc84e2055c420e13568855bc3c83ba3751784d3c","86.42","82.58","81.78","89.97","6.3711","95.51","4690.05","{""init_epoch"":20,""epochs"":20,""init_lr"":0.02,""lrate"":0.02,""ca_epochs"":5,""dual_mask_anchor_reg_weight"":10,""dual_mask_reg_weight"":0.01,""dual_mask_conflict_reg_enabled"":false,""dual_mask_conflict_ratio"":0.1,""dual_mask_conflict_strength"":0.5,""dual_mask_conflict_energy_adaptive"":true,""dual_mask_conflict_old_overlap_adaptive"":true,""dual_mask_private_conflict_mode"":""global"",""dual_mask_s_protect_enabled"":true}"
"979e1b4e5b6e-R004","/Users/luxiaogen/Desktop/loda_logs/9-23/9_22_imgr10_s_protect_followup_3090_rerun.log","docs/experiments/raw/experiments/2026.09.26_实验查重_DM-B-260926-006/979e1b4e5b_9_22_imgr10_s_protect_followup_3090_rerun.log","979e1b4e5b6e5c221656eb983f03e65c914cff8555387031ee81ee71abe1e590","2677","3552","","3090","ImageNet_R","1997","imgr10_d_s_protect_off_seed1997","T10","10","10","metrics_complete","971c7a6f8d1fe5e9d4683249fafb0696e8715c081bb542305e7f5a9280517239","86.354","82.02","81.06","90.82","7.7556","94.94","4698.79","{""init_epoch"":20,""epochs"":20,""init_lr"":0.02,""lrate"":0.02,""ca_epochs"":5,""dual_mask_anchor_reg_weight"":10,""dual_mask_reg_weight"":0.01,""dual_mask_conflict_reg_enabled"":false,""dual_mask_conflict_ratio"":0.1,""dual_mask_conflict_strength"":0.5,""dual_mask_conflict_energy_adaptive"":true,""dual_mask_conflict_old_overlap_adaptive"":true,""dual_mask_private_conflict_mode"":""global"",""dual_mask_s_protect_enabled"":false}"
"da07499d8851-R001","/Users/luxiaogen/Desktop/loda_logs/9-23/9_23_imgr10_branch_gate_3090.log","docs/experiments/raw/experiments/2026.09.26_实验查重_DM-B-260926-006/da07499d88_9_23_imgr10_branch_gate_3090.log","da07499d8851381508f286a302e2f390227ad5b95dea544e49183588c2a1af98","16","823","52c9990","3090","ImageNet_R","1993","imgr10_b_p_conflict_off_smoke_seed1993","smoke","10","10","metrics_complete","2753762ec14fd5e10b4f06a36e3b6b60215087551458fa37f815f83c5c4aaa49","81.66400000000002","77.08","","","5.4878","90.71","727.59","{""init_epoch"":1,""epochs"":1,""init_lr"":0.02,""lrate"":0.02,""ca_epochs"":10,""dual_mask_anchor_reg_weight"":10,""dual_mask_reg_weight"":0.01,""dual_mask_conflict_reg_enabled"":false,""dual_mask_conflict_ratio"":0.1,""dual_mask_conflict_strength"":0.5,""dual_mask_conflict_energy_adaptive"":true,""dual_mask_conflict_old_overlap_adaptive"":true,""dual_mask_private_conflict_mode"":null,""dual_mask_s_protect_enabled"":true}"
"da07499d8851-R002","/Users/luxiaogen/Desktop/loda_logs/9-23/9_23_imgr10_branch_gate_3090.log","docs/experiments/raw/experiments/2026.09.26_实验查重_DM-B-260926-006/da07499d88_9_23_imgr10_branch_gate_3090.log","da07499d8851381508f286a302e2f390227ad5b95dea544e49183588c2a1af98","823","1708","52c9990","3090","ImageNet_R","1993","imgr10_a_baseline_seed1993","T10","10","10","metrics_complete","8d72aabb3cc1a093a2ac6b71e1e210c98df756f62cce1a8767d51faa44328e98","86.983","82.38","82.05","85.49","5.4322","96.37","4656.08","{""init_epoch"":20,""epochs"":20,""init_lr"":0.02,""lrate"":0.02,""ca_epochs"":5,""dual_mask_anchor_reg_weight"":10,""dual_mask_reg_weight"":0.01,""dual_mask_conflict_reg_enabled"":false,""dual_mask_conflict_ratio"":0.1,""dual_mask_conflict_strength"":0.5,""dual_mask_conflict_energy_adaptive"":true,""dual_mask_conflict_old_overlap_adaptive"":true,""dual_mask_private_conflict_mode"":""global"",""dual_mask_s_protect_enabled"":true}"
"da07499d8851-R003","/Users/luxiaogen/Desktop/loda_logs/9-23/9_23_imgr10_branch_gate_3090.log","docs/experiments/raw/experiments/2026.09.26_实验查重_DM-B-260926-006/da07499d88_9_23_imgr10_branch_gate_3090.log","da07499d8851381508f286a302e2f390227ad5b95dea544e49183588c2a1af98","1708","2116","52c9990","3090","ImageNet_R","1993","imgr10_b_p_conflict_off_seed1993","T10","4","10","incomplete_or_unparsed","7ff1907a82e24433a3842a8bd21c06db092eaddb3dad30cd334bf595a7bcc04d","","","","","4.0633","96.66","","{""init_epoch"":20,""epochs"":20,""init_lr"":0.02,""lrate"":0.02,""ca_epochs"":5,""dual_mask_anchor_reg_weight"":10,""dual_mask_reg_weight"":0.01,""dual_mask_conflict_reg_enabled"":false,""dual_mask_conflict_ratio"":0.1,""dual_mask_conflict_strength"":0.5,""dual_mask_conflict_energy_adaptive"":true,""dual_mask_conflict_old_overlap_adaptive"":true,""dual_mask_private_conflict_mode"":null,""dual_mask_s_protect_enabled"":true}"
"e2ad37902e6e-R001","/Users/luxiaogen/Desktop/loda_logs/9-23/9_23_imgr10_p_applied_mask_diag_3090.log","docs/experiments/raw/experiments/2026.09.26_实验查重_DM-B-260926-006/e2ad37902e_9_23_imgr10_p_applied_mask_diag_3090.log","e2ad37902e6e4ba38673d28142b8842a69cd937dcc474233d288b1f8274bfd12","25","423","02381d4","3090","ImageNet_R","1993","imgr10_layer_diag_seed1993","T3_screen","3","3","metrics_complete","43e5eda2ca22cb20035a5991fddf206b702ac83c8896686776834d646627f349","92.88666666666666","89.72","91.29","86.3","1.99","96.66","1328.89","{""init_epoch"":20,""epochs"":20,""init_lr"":0.02,""lrate"":0.02,""ca_epochs"":5,""dual_mask_anchor_reg_weight"":10,""dual_mask_reg_weight"":0.1,""dual_mask_conflict_reg_enabled"":true,""dual_mask_conflict_ratio"":0.1,""dual_mask_conflict_strength"":0.5,""dual_mask_conflict_energy_adaptive"":true,""dual_mask_conflict_old_overlap_adaptive"":true,""dual_mask_conflict_granularity"":""layer"",""dual_mask_private_conflict_mode"":""global""}"
"e2ad37902e6e-R002","/Users/luxiaogen/Desktop/loda_logs/9-23/9_23_imgr10_p_applied_mask_diag_3090.log","docs/experiments/raw/experiments/2026.09.26_实验查重_DM-B-260926-006/e2ad37902e_9_23_imgr10_p_applied_mask_diag_3090.log","e2ad37902e6e4ba38673d28142b8842a69cd937dcc474233d288b1f8274bfd12","423","894","02381d4","3090","ImageNet_R","1993","imgr10_projection_diag_seed1993","T3_screen","3","3","metrics_complete","7c8ad7c054777cb3aaf7e21ab16b71d5bf6767c7d04facee080152948f4c7e1d","92.73","89.47","90.76","86.63","2.525","96.52","1360.43","{""init_epoch"":20,""epochs"":20,""init_lr"":0.02,""lrate"":0.02,""ca_epochs"":5,""dual_mask_anchor_reg_weight"":10,""dual_mask_reg_weight"":0.1,""dual_mask_conflict_reg_enabled"":true,""dual_mask_conflict_ratio"":0.1,""dual_mask_conflict_strength"":0.5,""dual_mask_conflict_energy_adaptive"":true,""dual_mask_conflict_old_overlap_adaptive"":true,""dual_mask_conflict_granularity"":""projection"",""dual_mask_private_conflict_mode"":""global""}"
"68365ca541c4-R001","/Users/luxiaogen/Desktop/loda_logs/9-23/9_23_imgr10_projection_conflict_ca5_t10_seed1993_3090.log","docs/experiments/raw/experiments/2026.09.26_实验查重_DM-B-260926-006/68365ca541_9_23_imgr10_projection_conflict_ca5_t10_seed1993_3090.log","68365ca541c4db0856dd3468c792e558305cdbe5737f40d9b5fa9c8646da5b19","27","912","5dec851","3090","ImageNet_R","1993","imgr10_layer_budget_ca5_seed1993","T10","10","10","metrics_complete","a3c1568f90c875235c088fc1bd5c2c08404856830aea9f24b94d325e59daa2c0","87.103","82.5","82.11","86.18","5.6433","96.66","4561.27","{""init_epoch"":20,""epochs"":20,""init_lr"":0.02,""lrate"":0.02,""ca_epochs"":5,""dual_mask_anchor_reg_weight"":10,""dual_mask_reg_weight"":0.1,""dual_mask_conflict_reg_enabled"":true,""dual_mask_conflict_ratio"":0.1,""dual_mask_conflict_strength"":0.5,""dual_mask_conflict_energy_adaptive"":true,""dual_mask_conflict_old_overlap_adaptive"":true,""dual_mask_conflict_granularity"":""layer"",""dual_mask_private_conflict_mode"":""global""}"
"68365ca541c4-R002","/Users/luxiaogen/Desktop/loda_logs/9-23/9_23_imgr10_projection_conflict_ca5_t10_seed1993_3090.log","docs/experiments/raw/experiments/2026.09.26_实验查重_DM-B-260926-006/68365ca541_9_23_imgr10_projection_conflict_ca5_t10_seed1993_3090.log","68365ca541c4db0856dd3468c792e558305cdbe5737f40d9b5fa9c8646da5b19","912","2164","5dec851","3090","ImageNet_R","1993","imgr10_projection_budget_ca5_seed1993","T10","10","10","metrics_complete","fd1effe7b10561be47628c9ab077745c131e360c6d2863f9bc645b97180206a3","86.925","82.22","81.76","86.53","5.47","96.37","4695.54","{""init_epoch"":20,""epochs"":20,""init_lr"":0.02,""lrate"":0.02,""ca_epochs"":5,""dual_mask_anchor_reg_weight"":10,""dual_mask_reg_weight"":0.1,""dual_mask_conflict_reg_enabled"":true,""dual_mask_conflict_ratio"":0.1,""dual_mask_conflict_strength"":0.5,""dual_mask_conflict_energy_adaptive"":true,""dual_mask_conflict_old_overlap_adaptive"":true,""dual_mask_conflict_granularity"":""projection"",""dual_mask_private_conflict_mode"":""global""}"
"039c44931b36-R001","/Users/luxiaogen/Desktop/loda_logs/9-23/9_23_imgr10_projection_conflict_t10_seed1993_3090.log","docs/experiments/raw/experiments/2026.09.26_实验查重_DM-B-260926-006/039c44931b_9_23_imgr10_projection_conflict_t10_seed1993_3090.log","039c44931b3619da0e681cb42ce4932929d3a8c0f1ce3559add9bcb9b24a2220","25","955","2f9c87d","3090","ImageNet_R","1993","imgr10_layer_budget_seed1993","T10","10","10","metrics_complete","b1824e6ea392a9004df461f7ae9c06ee948679dc6e315727cc94b390c8e31bdb","86.87200000000001","81.97","81.5","86.36","6.6144","96.37","4660.14","{""init_epoch"":20,""epochs"":20,""init_lr"":0.02,""lrate"":0.02,""ca_epochs"":10,""dual_mask_anchor_reg_weight"":10,""dual_mask_reg_weight"":0.1,""dual_mask_conflict_reg_enabled"":true,""dual_mask_conflict_ratio"":0.1,""dual_mask_conflict_strength"":0.5,""dual_mask_conflict_energy_adaptive"":true,""dual_mask_conflict_old_overlap_adaptive"":true,""dual_mask_conflict_granularity"":""layer"",""dual_mask_private_conflict_mode"":""global""}"
"039c44931b36-R002","/Users/luxiaogen/Desktop/loda_logs/9-23/9_23_imgr10_projection_conflict_t10_seed1993_3090.log","docs/experiments/raw/experiments/2026.09.26_实验查重_DM-B-260926-006/039c44931b_9_23_imgr10_projection_conflict_t10_seed1993_3090.log","039c44931b3619da0e681cb42ce4932929d3a8c0f1ce3559add9bcb9b24a2220","955","2251","2f9c87d","3090","ImageNet_R","1993","imgr10_projection_budget_seed1993","T10","10","10","metrics_complete","e60ba8180407a893c5db41e28b52f29b68ffee5a8688d08ab0614011069ce033","86.89500000000001","82.2","81.68","87.05","6.3489","96.81","4837.51","{""init_epoch"":20,""epochs"":20,""init_lr"":0.02,""lrate"":0.02,""ca_epochs"":10,""dual_mask_anchor_reg_weight"":10,""dual_mask_reg_weight"":0.1,""dual_mask_conflict_reg_enabled"":true,""dual_mask_conflict_ratio"":0.1,""dual_mask_conflict_strength"":0.5,""dual_mask_conflict_energy_adaptive"":true,""dual_mask_conflict_old_overlap_adaptive"":true,""dual_mask_conflict_granularity"":""projection"",""dual_mask_private_conflict_mode"":""global""}"
"a1e0578ecc0e-R001","/Users/luxiaogen/Desktop/loda_logs/9-23/9_23_imgr10_projection_conflict_t10_seeds1996_1997_5090.log","docs/experiments/raw/experiments/2026.09.26_实验查重_DM-B-260926-006/a1e0578ecc_9_23_imgr10_projection_conflict_t10_seeds1996_1997_5090.log","a1e0578ecc0eb613079cada3f4d5fe075e1a99d4808ec311d65ee7de45bb2eef","28","963","2f9c87d","5090","ImageNet_R","1996","imgr10_layer_budget_seed1996","T10","10","10","metrics_complete","0bae69c04076c0ed3f782df4c0b75160600c3d3cb52953f2d4841cacc4a84660","86.528","81.87","81.19","87.83","7.9967","94.55","6830.27","{""init_epoch"":20,""epochs"":20,""init_lr"":0.02,""lrate"":0.02,""ca_epochs"":10,""dual_mask_anchor_reg_weight"":10,""dual_mask_reg_weight"":0.1,""dual_mask_conflict_reg_enabled"":true,""dual_mask_conflict_ratio"":0.1,""dual_mask_conflict_strength"":0.5,""dual_mask_conflict_energy_adaptive"":true,""dual_mask_conflict_old_overlap_adaptive"":true,""dual_mask_conflict_granularity"":""layer"",""dual_mask_private_conflict_mode"":""global""}"
"a1e0578ecc0e-R002","/Users/luxiaogen/Desktop/loda_logs/9-23/9_23_imgr10_projection_conflict_t10_seeds1996_1997_5090.log","docs/experiments/raw/experiments/2026.09.26_实验查重_DM-B-260926-006/a1e0578ecc_9_23_imgr10_projection_conflict_t10_seeds1996_1997_5090.log","a1e0578ecc0eb613079cada3f4d5fe075e1a99d4808ec311d65ee7de45bb2eef","963","2274","2f9c87d","5090","ImageNet_R","1996","imgr10_projection_budget_seed1996","T10","10","10","metrics_complete","e8f4cea489b5b22ecafaf26da422ddddc058df280fe4687e5bb27d9b16c9da3a","86.62299999999999","81.6","80.97","87.17","8.3789","94.7","3629.34","{""init_epoch"":20,""epochs"":20,""init_lr"":0.02,""lrate"":0.02,""ca_epochs"":10,""dual_mask_anchor_reg_weight"":10,""dual_mask_reg_weight"":0.1,""dual_mask_conflict_reg_enabled"":true,""dual_mask_conflict_ratio"":0.1,""dual_mask_conflict_strength"":0.5,""dual_mask_conflict_energy_adaptive"":true,""dual_mask_conflict_old_overlap_adaptive"":true,""dual_mask_conflict_granularity"":""projection"",""dual_mask_private_conflict_mode"":""global""}"
"a1e0578ecc0e-R003","/Users/luxiaogen/Desktop/loda_logs/9-23/9_23_imgr10_projection_conflict_t10_seeds1996_1997_5090.log","docs/experiments/raw/experiments/2026.09.26_实验查重_DM-B-260926-006/a1e0578ecc_9_23_imgr10_projection_conflict_t10_seeds1996_1997_5090.log","a1e0578ecc0eb613079cada3f4d5fe075e1a99d4808ec311d65ee7de45bb2eef","2274","3209","2f9c87d","5090","ImageNet_R","1997","imgr10_layer_budget_seed1997","T10","10","10","metrics_complete","d0fa375f5ee7e925fb2edb4ed5a6918aa8f820d34df9963fd5ba0bc384309b1b","86.333","82.22","81.32","90.48","7.5511","95.51","2907.24","{""init_epoch"":20,""epochs"":20,""init_lr"":0.02,""lrate"":0.02,""ca_epochs"":10,""dual_mask_anchor_reg_weight"":10,""dual_mask_reg_weight"":0.1,""dual_mask_conflict_reg_enabled"":true,""dual_mask_conflict_ratio"":0.1,""dual_mask_conflict_strength"":0.5,""dual_mask_conflict_energy_adaptive"":true,""dual_mask_conflict_old_overlap_adaptive"":true,""dual_mask_conflict_granularity"":""layer"",""dual_mask_private_conflict_mode"":""global""}"
"a1e0578ecc0e-R004","/Users/luxiaogen/Desktop/loda_logs/9-23/9_23_imgr10_projection_conflict_t10_seeds1996_1997_5090.log","docs/experiments/raw/experiments/2026.09.26_实验查重_DM-B-260926-006/a1e0578ecc_9_23_imgr10_projection_conflict_t10_seeds1996_1997_5090.log","a1e0578ecc0eb613079cada3f4d5fe075e1a99d4808ec311d65ee7de45bb2eef","3209","4514","2f9c87d","5090","ImageNet_R","1997","imgr10_projection_budget_seed1997","T10","10","10","metrics_complete","bee9a7ed8a2272c954364fd2a53c8d903793bc58427a8fbe07ab99183b951026","86.423","81.82","80.86","90.65","7.8589","95.32","7263.23","{""init_epoch"":20,""epochs"":20,""init_lr"":0.02,""lrate"":0.02,""ca_epochs"":10,""dual_mask_anchor_reg_weight"":10,""dual_mask_reg_weight"":0.1,""dual_mask_conflict_reg_enabled"":true,""dual_mask_conflict_ratio"":0.1,""dual_mask_conflict_strength"":0.5,""dual_mask_conflict_energy_adaptive"":true,""dual_mask_conflict_old_overlap_adaptive"":true,""dual_mask_conflict_granularity"":""projection"",""dual_mask_private_conflict_mode"":""global""}"
"1bbc89488da5-R001","/Users/luxiaogen/Desktop/loda_logs/9-24/9_23_imgr10_lori_night_3090_rerun.log","docs/experiments/raw/experiments/2026.09.26_实验查重_DM-B-260926-006/1bbc89488d_9_23_imgr10_lori_night_3090_rerun.log","1bbc89488da579f5947d1da0a539724bac717e7fde3765f1d5b01ca4879e0ffa","20","1123","847a3c4","3090","ImageNet_R","1993","imgr10_layer_seed1993_3090","T10","10","10","metrics_complete","a3e6e020be90b3d6e36d719baaae549b8afe6cdfba09310ede8e6ab1b3e7ac36","86.97","82.27","81.89","85.84","5.5522","96.81","4624.05","{""init_epoch"":20,""epochs"":20,""init_lr"":0.02,""lrate"":0.02,""ca_epochs"":5,""dual_mask_anchor_reg_weight"":10,""dual_mask_reg_weight"":0.1,""dual_mask_conflict_reg_enabled"":true,""dual_mask_conflict_ratio"":0.1,""dual_mask_conflict_strength"":0.5,""dual_mask_conflict_energy_adaptive"":true,""dual_mask_conflict_old_overlap_adaptive"":true,""dual_mask_conflict_granularity"":""layer"",""dual_mask_private_conflict_mode"":""global""}"
"1bbc89488da5-R002","/Users/luxiaogen/Desktop/loda_logs/9-24/9_23_imgr10_lori_night_3090_rerun.log","docs/experiments/raw/experiments/2026.09.26_实验查重_DM-B-260926-006/1bbc89488d_9_23_imgr10_lori_night_3090_rerun.log","1bbc89488da579f5947d1da0a539724bac717e7fde3765f1d5b01ca4879e0ffa","1123","2132","847a3c4","3090","ImageNet_R","1993","imgr10_plastic_norm_matched_seed1993_3090","T10","10","10","metrics_complete","3e54451b4eafb4847648cc67a95613a94bccd9d14086c4d8ba6905de2355971c","86.96100000000001","82.57","82.2","86.01","5.3956","96.23","4785.66","{""init_epoch"":20,""epochs"":20,""init_lr"":0.02,""lrate"":0.02,""ca_epochs"":5,""dual_mask_anchor_reg_weight"":10,""dual_mask_reg_weight"":0.1,""dual_mask_conflict_reg_enabled"":true,""dual_mask_conflict_ratio"":0.1,""dual_mask_conflict_strength"":0.5,""dual_mask_conflict_energy_adaptive"":true,""dual_mask_conflict_old_overlap_adaptive"":true,""dual_mask_conflict_granularity"":""layer"",""dual_mask_private_conflict_mode"":""plastic_norm_matched""}"
"1bbc89488da5-R003","/Users/luxiaogen/Desktop/loda_logs/9-24/9_23_imgr10_lori_night_3090_rerun.log","docs/experiments/raw/experiments/2026.09.26_实验查重_DM-B-260926-006/1bbc89488d_9_23_imgr10_lori_night_3090_rerun.log","1bbc89488da579f5947d1da0a539724bac717e7fde3765f1d5b01ca4879e0ffa","2132","3506","847a3c4","3090","ImageNet_R","1993","imgr10_model_seed1993_3090","T10","10","10","metrics_complete","9917a6dbbf37e2adcbb3acfe232d7474f3fa06ffef34a4b801e0a77c99d0ca84","87.00300000000001","82.12","81.81","84.97","5.7644","96.66","4740.21","{""init_epoch"":20,""epochs"":20,""init_lr"":0.02,""lrate"":0.02,""ca_epochs"":5,""dual_mask_anchor_reg_weight"":10,""dual_mask_reg_weight"":0.1,""dual_mask_conflict_reg_enabled"":true,""dual_mask_conflict_ratio"":0.1,""dual_mask_conflict_strength"":0.5,""dual_mask_conflict_energy_adaptive"":true,""dual_mask_conflict_old_overlap_adaptive"":true,""dual_mask_conflict_granularity"":""model"",""dual_mask_private_conflict_mode"":""global""}"
"1b846422e2a2-R001","/Users/luxiaogen/Desktop/loda_logs/9-24/9_23_imgr10_lori_night_5090.log","docs/experiments/raw/experiments/2026.09.26_实验查重_DM-B-260926-006/1b846422e2_9_23_imgr10_lori_night_5090.log","1b846422e2a26c7bc7f3971ceeb46a5b25d583afe9d3b9058fc8db4ff2d85ce3","21","1029","847a3c4","5090","ImageNet_R","1993","imgr10_layer_seed1993_5090","T10","10","10","metrics_complete","a3c1568f90c875235c088fc1bd5c2c08404856830aea9f24b94d325e59daa2c0","87.03500000000001","82.25","81.92","85.32","5.7778","96.52","3071.07","{""init_epoch"":20,""epochs"":20,""init_lr"":0.02,""lrate"":0.02,""ca_epochs"":5,""dual_mask_anchor_reg_weight"":10,""dual_mask_reg_weight"":0.1,""dual_mask_conflict_reg_enabled"":true,""dual_mask_conflict_ratio"":0.1,""dual_mask_conflict_strength"":0.5,""dual_mask_conflict_energy_adaptive"":true,""dual_mask_conflict_old_overlap_adaptive"":true,""dual_mask_conflict_granularity"":""layer"",""dual_mask_private_conflict_mode"":""global""}"
"1b846422e2a2-R002","/Users/luxiaogen/Desktop/loda_logs/9-24/9_23_imgr10_lori_night_5090.log","docs/experiments/raw/experiments/2026.09.26_实验查重_DM-B-260926-006/1b846422e2_9_23_imgr10_lori_night_5090.log","1b846422e2a26c7bc7f3971ceeb46a5b25d583afe9d3b9058fc8db4ff2d85ce3","1029","2037","847a3c4","5090","ImageNet_R","1993","imgr10_ratio005_seed1993_5090","T10","10","10","metrics_complete","a78b780947a8f04267e57eac018b2c5adb34ee7e67a8107ef09458f42f70b92b","87.13","82.48","82.09","86.18","5.5967","96.52","2790.89","{""init_epoch"":20,""epochs"":20,""init_lr"":0.02,""lrate"":0.02,""ca_epochs"":5,""dual_mask_anchor_reg_weight"":10,""dual_mask_reg_weight"":0.1,""dual_mask_conflict_reg_enabled"":true,""dual_mask_conflict_ratio"":0.05,""dual_mask_conflict_strength"":0.5,""dual_mask_conflict_energy_adaptive"":true,""dual_mask_conflict_old_overlap_adaptive"":true,""dual_mask_conflict_granularity"":""layer"",""dual_mask_private_conflict_mode"":""global""}"
"1b846422e2a2-R003","/Users/luxiaogen/Desktop/loda_logs/9-24/9_23_imgr10_lori_night_5090.log","docs/experiments/raw/experiments/2026.09.26_实验查重_DM-B-260926-006/1b846422e2_9_23_imgr10_lori_night_5090.log","1b846422e2a26c7bc7f3971ceeb46a5b25d583afe9d3b9058fc8db4ff2d85ce3","2037","3035","847a3c4","5090","ImageNet_R","1993","imgr10_ratio020_seed1993_5090","T10","10","10","metrics_complete","75f2dc46dd1a560e63eebec75ee72a465886625759fdb97179557fe7c38d0b73","87.046","82.3","81.9","86.01","5.5111","96.66","2780.02","{""init_epoch"":20,""epochs"":20,""init_lr"":0.02,""lrate"":0.02,""ca_epochs"":5,""dual_mask_anchor_reg_weight"":10,""dual_mask_reg_weight"":0.1,""dual_mask_conflict_reg_enabled"":true,""dual_mask_conflict_ratio"":0.2,""dual_mask_conflict_strength"":0.5,""dual_mask_conflict_energy_adaptive"":true,""dual_mask_conflict_old_overlap_adaptive"":true,""dual_mask_conflict_granularity"":""layer"",""dual_mask_private_conflict_mode"":""global""}"
"9f244ed9401d-R001","/Users/luxiaogen/Desktop/loda_logs/9-24/9_24_imgr10_conflict_score_t10_seed1993_5090.log","docs/experiments/raw/experiments/2026.09.26_近期实验收敛_DM-B-260926-001/9_24_imgr10_conflict_score_t10_seed1993_5090.log","9f244ed9401dcfc0f51bf537f865f1ae06d6f2d25929232da0f3cfd5270920e7","22","1037","683ef21","5090","ImageNet_R","1993","imgr10_t10_conflict_seed1993","T10","10","10","metrics_complete","5d5cecb639bcbf470d15d2b6ea6f39f316d32b8fcd3d88f9d9dab5cb91db0db8","86.912","82.33","81.79","87.39","6.1089","96.37","2929.92","{""init_epoch"":20,""epochs"":20,""init_lr"":0.02,""lrate"":0.02,""ca_epochs"":5,""disable_fused_sdpa"":true,""dual_mask_anchor_reg_weight"":10,""dual_mask_reg_weight"":0.01,""dual_mask_conflict_reg_enabled"":false,""dual_mask_conflict_ratio"":0.1,""dual_mask_conflict_strength"":0.5,""dual_mask_conflict_energy_adaptive"":false,""dual_mask_conflict_old_overlap_adaptive"":false,""dual_mask_conflict_granularity"":""layer"",""dual_mask_conflict_budget_multiplier"":1,""dual_mask_conflict_score_mode"":""conflict"",""dual_mask_private_conflict_mode"":""global"",""task0_validation_enabled"":false}"
"9f244ed9401d-R002","/Users/luxiaogen/Desktop/loda_logs/9-24/9_24_imgr10_conflict_score_t10_seed1993_5090.log","docs/experiments/raw/experiments/2026.09.26_近期实验收敛_DM-B-260926-001/9_24_imgr10_conflict_score_t10_seed1993_5090.log","9f244ed9401dcfc0f51bf537f865f1ae06d6f2d25929232da0f3cfd5270920e7","1037","2051","683ef21","5090","ImageNet_R","1993","imgr10_t10_magnitude_seed1993","T10","10","10","metrics_complete","5e3a547045b1c3561e08a5aa535bfdde08af75b340b44b1288c4bbbd7bf0bd95","86.992","82.48","82","87.05","5.7367","96.37","3222.28","{""init_epoch"":20,""epochs"":20,""init_lr"":0.02,""lrate"":0.02,""ca_epochs"":5,""disable_fused_sdpa"":true,""dual_mask_anchor_reg_weight"":10,""dual_mask_reg_weight"":0.01,""dual_mask_conflict_reg_enabled"":false,""dual_mask_conflict_ratio"":0.1,""dual_mask_conflict_strength"":0.5,""dual_mask_conflict_energy_adaptive"":false,""dual_mask_conflict_old_overlap_adaptive"":false,""dual_mask_conflict_granularity"":""layer"",""dual_mask_conflict_budget_multiplier"":1,""dual_mask_conflict_score_mode"":""magnitude"",""dual_mask_private_conflict_mode"":""global"",""task0_validation_enabled"":false}"
"9f244ed9401d-R003","/Users/luxiaogen/Desktop/loda_logs/9-24/9_24_imgr10_conflict_score_t10_seed1993_5090.log","docs/experiments/raw/experiments/2026.09.26_近期实验收敛_DM-B-260926-001/9_24_imgr10_conflict_score_t10_seed1993_5090.log","9f244ed9401dcfc0f51bf537f865f1ae06d6f2d25929232da0f3cfd5270920e7","2051","3055","683ef21","5090","ImageNet_R","1993","imgr10_t10_w_pre_seed1993","T10","10","10","metrics_complete","a15b619b96889cd6110418082b89e34ec342c3bbfd99fd821db4ed719536306b","86.19600000000001","80.58","79.58","89.98","10.0533","96.37","3241.03","{""init_epoch"":20,""epochs"":20,""init_lr"":0.02,""lrate"":0.02,""ca_epochs"":5,""disable_fused_sdpa"":true,""dual_mask_anchor_reg_weight"":10,""dual_mask_reg_weight"":0.01,""dual_mask_conflict_reg_enabled"":false,""dual_mask_conflict_ratio"":0.1,""dual_mask_conflict_strength"":0.5,""dual_mask_conflict_energy_adaptive"":false,""dual_mask_conflict_old_overlap_adaptive"":false,""dual_mask_conflict_granularity"":""layer"",""dual_mask_conflict_budget_multiplier"":1,""dual_mask_conflict_score_mode"":""w_pre"",""dual_mask_private_conflict_mode"":""global"",""task0_validation_enabled"":false}"
"2eab69af34a8-R001","/Users/luxiaogen/Desktop/loda_logs/9-24/9_24_imgr10_granularity_3090.log","docs/experiments/raw/experiments/2026.09.26_近期实验收敛_DM-B-260926-001/9_24_imgr10_granularity_3090.log","2eab69af34a8a2d6cdb5e22c392a0e1c97f6a7e9e4091e5f2ebf1c98304ada2c","22","1033","7cfe1b2","3090","ImageNet_R","1993","imgr10_layer_seed1993_3090","T10","10","10","metrics_complete","5c7ce5d43a5c467aca47cb6c76ad5bd82044eccdeece59d7d0a0133e9930691f","86.984","82.62","82.29","85.66","5.0567","96.37","4700.41","{""init_epoch"":20,""epochs"":20,""init_lr"":0.02,""lrate"":0.02,""ca_epochs"":5,""dual_mask_anchor_reg_weight"":10,""dual_mask_reg_weight"":0.1,""dual_mask_conflict_reg_enabled"":false,""dual_mask_conflict_ratio"":0.1,""dual_mask_conflict_strength"":0.5,""dual_mask_conflict_energy_adaptive"":true,""dual_mask_conflict_old_overlap_adaptive"":true,""dual_mask_conflict_granularity"":""layer"",""dual_mask_conflict_budget_multiplier"":1,""dual_mask_conflict_score_mode"":""conflict"",""dual_mask_private_conflict_mode"":""global""}"
"2eab69af34a8-R002","/Users/luxiaogen/Desktop/loda_logs/9-24/9_24_imgr10_granularity_3090.log","docs/experiments/raw/experiments/2026.09.26_近期实验收敛_DM-B-260926-001/9_24_imgr10_granularity_3090.log","2eab69af34a8a2d6cdb5e22c392a0e1c97f6a7e9e4091e5f2ebf1c98304ada2c","1033","2422","7cfe1b2","3090","ImageNet_R","1993","imgr10_projection_seed1993_3090","T10","10","10","metrics_complete","116ae8ff2331bd22fe6c020dd627ff853767ac1308e761a16f925c80a547681c","86.86800000000001","82.52","82.14","86.01","5.11","96.23","4769.86","{""init_epoch"":20,""epochs"":20,""init_lr"":0.02,""lrate"":0.02,""ca_epochs"":5,""dual_mask_anchor_reg_weight"":10,""dual_mask_reg_weight"":0.1,""dual_mask_conflict_reg_enabled"":false,""dual_mask_conflict_ratio"":0.1,""dual_mask_conflict_strength"":0.5,""dual_mask_conflict_energy_adaptive"":true,""dual_mask_conflict_old_overlap_adaptive"":true,""dual_mask_conflict_granularity"":""projection"",""dual_mask_conflict_budget_multiplier"":1,""dual_mask_conflict_score_mode"":""conflict"",""dual_mask_private_conflict_mode"":""global""}"
"2eab69af34a8-R003","/Users/luxiaogen/Desktop/loda_logs/9-24/9_24_imgr10_granularity_3090.log","docs/experiments/raw/experiments/2026.09.26_近期实验收敛_DM-B-260926-001/9_24_imgr10_granularity_3090.log","2eab69af34a8a2d6cdb5e22c392a0e1c97f6a7e9e4091e5f2ebf1c98304ada2c","2422","3799","7cfe1b2","3090","ImageNet_R","1993","imgr10_model_seed1993_3090","T10","10","10","metrics_complete","28312558364dd52dbfd9632112f2ea7b248c3ffa00faa8231f9369f603a4b2af","86.815","82.12","81.68","86.18","5.6611","96.66","4654.7","{""init_epoch"":20,""epochs"":20,""init_lr"":0.02,""lrate"":0.02,""ca_epochs"":5,""dual_mask_anchor_reg_weight"":10,""dual_mask_reg_weight"":0.1,""dual_mask_conflict_reg_enabled"":false,""dual_mask_conflict_ratio"":0.1,""dual_mask_conflict_strength"":0.5,""dual_mask_conflict_energy_adaptive"":true,""dual_mask_conflict_old_overlap_adaptive"":true,""dual_mask_conflict_granularity"":""model"",""dual_mask_conflict_budget_multiplier"":1,""dual_mask_conflict_score_mode"":""conflict"",""dual_mask_private_conflict_mode"":""global""}"
"89269baccf71-R001","/Users/luxiaogen/Desktop/loda_logs/9-24/9_24_imgr10_math_sdpa_baseline_t10_seed1993_3090.log","docs/experiments/raw/experiments/2026.09.26_实验查重_DM-B-260926-006/89269baccf_9_24_imgr10_math_sdpa_baseline_t10_seed1993_3090.log","89269baccf712d8eeebda1435d2d1721cffe18dd7fc9d8b23e4fd34a3c2de72f","16","1016","","3090","ImageNet_R","1993","imgr10_t10_baseline_seed1993","T10","10","10","metrics_complete","03a9d84c8693c0775035f1a5844fa4c14a33604d65ef4eb9bade2af0d14751b0","87.045","82.4","82.11","85.15","5.3967","96.52","4483.31","{""init_epoch"":20,""epochs"":20,""init_lr"":0.02,""lrate"":0.02,""ca_epochs"":5,""disable_fused_sdpa"":true,""dual_mask_anchor_reg_weight"":10,""dual_mask_reg_weight"":0.01,""dual_mask_conflict_reg_enabled"":true,""dual_mask_conflict_ratio"":0.1,""dual_mask_conflict_strength"":0.5,""dual_mask_conflict_energy_adaptive"":true,""dual_mask_conflict_old_overlap_adaptive"":true,""dual_mask_conflict_granularity"":""layer"",""dual_mask_private_conflict_mode"":""global"",""task0_validation_enabled"":false}"
"f15b28fb4518-R001","/Users/luxiaogen/Desktop/loda_logs/9-24/9_24_imgr10_math_sdpa_baseline_t10_seed1993_5090.log","docs/experiments/raw/experiments/2026.09.26_实验查重_DM-B-260926-006/f15b28fb45_9_24_imgr10_math_sdpa_baseline_t10_seed1993_5090.log","f15b28fb45186e6330fb6a8adcf212acec49b2199a6f892c90eb20d6ede10999","16","1018","","5090","ImageNet_R","1993","imgr10_t10_baseline_seed1993","T10","10","10","metrics_complete","03a9d84c8693c0775035f1a5844fa4c14a33604d65ef4eb9bade2af0d14751b0","86.97","82.6","82.25","85.84","4.9678","96.37","2885.3","{""init_epoch"":20,""epochs"":20,""init_lr"":0.02,""lrate"":0.02,""ca_epochs"":5,""disable_fused_sdpa"":true,""dual_mask_anchor_reg_weight"":10,""dual_mask_reg_weight"":0.01,""dual_mask_conflict_reg_enabled"":true,""dual_mask_conflict_ratio"":0.1,""dual_mask_conflict_strength"":0.5,""dual_mask_conflict_energy_adaptive"":true,""dual_mask_conflict_old_overlap_adaptive"":true,""dual_mask_conflict_granularity"":""layer"",""dual_mask_private_conflict_mode"":""global"",""task0_validation_enabled"":false}"
"356d54a9fcfd-R001","/Users/luxiaogen/Desktop/loda_logs/9-24/9_24_imgr10_sparsity_5090.log","docs/experiments/raw/experiments/2026.09.26_近期实验收敛_DM-B-260926-001/9_24_imgr10_sparsity_5090.log","356d54a9fcfd45d4df5cef4c76d772e0e607ded291c95cbbbee24ef22a3b9cbb","25","1037","7cfe1b2","5090","ImageNet_R","1993","imgr10_budget050_seed1993_5090","T10","10","10","metrics_complete","a61bc048facfce9edd1111da4af155482a92e3246b482fa69189d102692a95eb","87.002","82.45","81.98","86.87","6.0656","96.66","3546.31","{""init_epoch"":20,""epochs"":20,""init_lr"":0.02,""lrate"":0.02,""ca_epochs"":5,""dual_mask_anchor_reg_weight"":10,""dual_mask_reg_weight"":0.1,""dual_mask_conflict_reg_enabled"":false,""dual_mask_conflict_ratio"":0.1,""dual_mask_conflict_strength"":0.5,""dual_mask_conflict_energy_adaptive"":true,""dual_mask_conflict_old_overlap_adaptive"":true,""dual_mask_conflict_granularity"":""layer"",""dual_mask_conflict_budget_multiplier"":0.5,""dual_mask_conflict_score_mode"":""conflict"",""dual_mask_private_conflict_mode"":""global""}"
"356d54a9fcfd-R002","/Users/luxiaogen/Desktop/loda_logs/9-24/9_24_imgr10_sparsity_5090.log","docs/experiments/raw/experiments/2026.09.26_近期实验收敛_DM-B-260926-001/9_24_imgr10_sparsity_5090.log","356d54a9fcfd45d4df5cef4c76d772e0e607ded291c95cbbbee24ef22a3b9cbb","1037","2054","7cfe1b2","5090","ImageNet_R","1993","imgr10_budget100_seed1993_5090","T10","10","10","metrics_complete","5c7ce5d43a5c467aca47cb6c76ad5bd82044eccdeece59d7d0a0133e9930691f","87.08200000000001","82.42","82.01","86.18","5.8033","96.52","3223.26","{""init_epoch"":20,""epochs"":20,""init_lr"":0.02,""lrate"":0.02,""ca_epochs"":5,""dual_mask_anchor_reg_weight"":10,""dual_mask_reg_weight"":0.1,""dual_mask_conflict_reg_enabled"":false,""dual_mask_conflict_ratio"":0.1,""dual_mask_conflict_strength"":0.5,""dual_mask_conflict_energy_adaptive"":true,""dual_mask_conflict_old_overlap_adaptive"":true,""dual_mask_conflict_granularity"":""layer"",""dual_mask_conflict_budget_multiplier"":1,""dual_mask_conflict_score_mode"":""conflict"",""dual_mask_private_conflict_mode"":""global""}"
"356d54a9fcfd-R003","/Users/luxiaogen/Desktop/loda_logs/9-24/9_24_imgr10_sparsity_5090.log","docs/experiments/raw/experiments/2026.09.26_近期实验收敛_DM-B-260926-001/9_24_imgr10_sparsity_5090.log","356d54a9fcfd45d4df5cef4c76d772e0e607ded291c95cbbbee24ef22a3b9cbb","2054","3065","7cfe1b2","5090","ImageNet_R","1993","imgr10_budget150_seed1993_5090","T10","10","10","metrics_complete","8f0436417edb13b53a616ec356062ce9e3f5746bfb2fed19f9be5fdde7a7fa88","87.064","82.65","82.38","85.15","5.0311","96.23","3520.09","{""init_epoch"":20,""epochs"":20,""init_lr"":0.02,""lrate"":0.02,""ca_epochs"":5,""dual_mask_anchor_reg_weight"":10,""dual_mask_reg_weight"":0.1,""dual_mask_conflict_reg_enabled"":false,""dual_mask_conflict_ratio"":0.1,""dual_mask_conflict_strength"":0.5,""dual_mask_conflict_energy_adaptive"":true,""dual_mask_conflict_old_overlap_adaptive"":true,""dual_mask_conflict_granularity"":""layer"",""dual_mask_conflict_budget_multiplier"":1.5,""dual_mask_conflict_score_mode"":""conflict"",""dual_mask_private_conflict_mode"":""global""}"
"356d54a9fcfd-R004","/Users/luxiaogen/Desktop/loda_logs/9-24/9_24_imgr10_sparsity_5090.log","docs/experiments/raw/experiments/2026.09.26_近期实验收敛_DM-B-260926-001/9_24_imgr10_sparsity_5090.log","356d54a9fcfd45d4df5cef4c76d772e0e607ded291c95cbbbee24ef22a3b9cbb","3065","4072","7cfe1b2","5090","ImageNet_R","1993","imgr10_magnitude100_seed1993_5090","T10","10","10","metrics_complete","23e80a85b44656b8ddbf4d8741d123dd6e4c0e47e8184e8ecadd6da41719e8e2","87.047","82.57","82.25","85.49","5.5156","96.66","3620.54","{""init_epoch"":20,""epochs"":20,""init_lr"":0.02,""lrate"":0.02,""ca_epochs"":5,""dual_mask_anchor_reg_weight"":10,""dual_mask_reg_weight"":0.1,""dual_mask_conflict_reg_enabled"":false,""dual_mask_conflict_ratio"":0.1,""dual_mask_conflict_strength"":0.5,""dual_mask_conflict_energy_adaptive"":true,""dual_mask_conflict_old_overlap_adaptive"":true,""dual_mask_conflict_granularity"":""layer"",""dual_mask_conflict_budget_multiplier"":1,""dual_mask_conflict_score_mode"":""magnitude"",""dual_mask_private_conflict_mode"":""global""}"
"c2886aa955e4-R001","/Users/luxiaogen/Desktop/loda_logs/9-24/9_24_imgr10_task0_e30_t10_seed1993_3090.log","docs/experiments/raw/experiments/2026.09.24_Task0训练_DM-B-260924-001/9_24_imgr10_task0_e30_t10_seed1993_3090.log","c2886aa955e4eb43f09876881f846283b2c73a2227fb4e0eed96b9899f947ff0","19","1019","683ef21","3090","ImageNet_R","1993","imgr10_t10_task0_e30_seed1993","T10","10","10","metrics_complete","8721f25931c01936bcbd2132118a7781fb182eab82be434a5001ac70f3082c95","86.93299999999999","82.35","82.03","85.32","5.3556","96.66","4682.3","{""init_epoch"":30,""epochs"":20,""init_lr"":0.02,""lrate"":0.02,""ca_epochs"":5,""disable_fused_sdpa"":true,""dual_mask_anchor_reg_weight"":10,""dual_mask_reg_weight"":0.01,""dual_mask_conflict_reg_enabled"":true,""dual_mask_conflict_ratio"":0.1,""dual_mask_conflict_strength"":0.5,""dual_mask_conflict_energy_adaptive"":true,""dual_mask_conflict_old_overlap_adaptive"":true,""dual_mask_conflict_granularity"":""layer"",""dual_mask_private_conflict_mode"":""global"",""task0_validation_enabled"":false}"
"d07a1c49e2c4-R001","/Users/luxiaogen/Desktop/loda_logs/9-25/9_24_imgr10_fixed_rho_5090.log","docs/experiments/raw/experiments/2026.09.26_近期实验收敛_DM-B-260926-001/9_24_imgr10_fixed_rho_5090.log","d07a1c49e2c439b46c0e884dd93bc811ee7119c81fdc2abaf543378642c55cc5","29","1658","a02d13b","5090","ImageNet_R","1993","imgr10_t10_rho0_seed1993_20260925_003437","T10","10","10","metrics_complete","de8dab981e635c39d028d6b69b9946a3e5bd6a18502a4b2dd0c6c967ba12a2f6","86.849","82.28","81.76","87.22","6.0822","96.37","3007.59","{""init_epoch"":20,""epochs"":20,""init_lr"":0.02,""lrate"":0.02,""ca_epochs"":5,""disable_fused_sdpa"":true,""dual_mask_anchor_reg_weight"":10,""dual_mask_reg_weight"":0.01,""dual_mask_conflict_reg_enabled"":false,""dual_mask_conflict_ratio"":0.1,""dual_mask_conflict_strength"":0.5,""dual_mask_conflict_energy_adaptive"":false,""dual_mask_conflict_old_overlap_adaptive"":false,""dual_mask_conflict_granularity"":""model"",""dual_mask_conflict_budget_multiplier"":1,""dual_mask_conflict_score_mode"":""conflict"",""dual_mask_private_conflict_mode"":""global"",""dual_mask_private_rank"":0,""dual_mask_s_conflict_enabled"":true,""dual_mask_p_conflict_enabled"":true,""dual_mask_s_protect_enabled"":true,""task0_validation_enabled"":false}"
"d07a1c49e2c4-R002","/Users/luxiaogen/Desktop/loda_logs/9-25/9_24_imgr10_fixed_rho_5090.log","docs/experiments/raw/experiments/2026.09.26_近期实验收敛_DM-B-260926-001/9_24_imgr10_fixed_rho_5090.log","d07a1c49e2c439b46c0e884dd93bc811ee7119c81fdc2abaf543378642c55cc5","1658","3286","a02d13b","5090","ImageNet_R","1993","imgr10_t10_rho05_seed1993_20260925_003437","T10","10","10","metrics_complete","69cc303ca1152be9ea31d7d84814ac747d984e14e52eea8d8da803d14eab85dc","86.922","82.35","81.85","87.05","6.0456","96.37","3039.88","{""init_epoch"":20,""epochs"":20,""init_lr"":0.02,""lrate"":0.02,""ca_epochs"":5,""disable_fused_sdpa"":true,""dual_mask_anchor_reg_weight"":10,""dual_mask_reg_weight"":0.01,""dual_mask_conflict_reg_enabled"":false,""dual_mask_conflict_ratio"":0.1,""dual_mask_conflict_strength"":0.5,""dual_mask_conflict_energy_adaptive"":false,""dual_mask_conflict_old_overlap_adaptive"":false,""dual_mask_conflict_granularity"":""mixed"",""dual_mask_conflict_budget_multiplier"":1,""dual_mask_conflict_score_mode"":""conflict"",""dual_mask_private_conflict_mode"":""global"",""dual_mask_private_rank"":0,""dual_mask_s_conflict_enabled"":true,""dual_mask_p_conflict_enabled"":true,""dual_mask_s_protect_enabled"":true,""task0_validation_enabled"":false}"
"d07a1c49e2c4-R003","/Users/luxiaogen/Desktop/loda_logs/9-25/9_24_imgr10_fixed_rho_5090.log","docs/experiments/raw/experiments/2026.09.26_近期实验收敛_DM-B-260926-001/9_24_imgr10_fixed_rho_5090.log","d07a1c49e2c439b46c0e884dd93bc811ee7119c81fdc2abaf543378642c55cc5","3286","4915","a02d13b","5090","ImageNet_R","1993","imgr10_t10_rho025_seed1993_20260925_003437","T10","10","10","metrics_complete","cd31f25ae5d9b052007422d5a8e971c27e170172d9d39779b2d0468bb50a8287","86.94699999999999","82.25","81.72","87.22","6.4233","96.37","3048.83","{""init_epoch"":20,""epochs"":20,""init_lr"":0.02,""lrate"":0.02,""ca_epochs"":5,""disable_fused_sdpa"":true,""dual_mask_anchor_reg_weight"":10,""dual_mask_reg_weight"":0.01,""dual_mask_conflict_reg_enabled"":false,""dual_mask_conflict_ratio"":0.1,""dual_mask_conflict_strength"":0.5,""dual_mask_conflict_energy_adaptive"":false,""dual_mask_conflict_old_overlap_adaptive"":false,""dual_mask_conflict_granularity"":""mixed"",""dual_mask_conflict_budget_multiplier"":1,""dual_mask_conflict_score_mode"":""conflict"",""dual_mask_private_conflict_mode"":""global"",""dual_mask_private_rank"":0,""dual_mask_s_conflict_enabled"":true,""dual_mask_p_conflict_enabled"":true,""dual_mask_s_protect_enabled"":true,""task0_validation_enabled"":false}"
"d07a1c49e2c4-R004","/Users/luxiaogen/Desktop/loda_logs/9-25/9_24_imgr10_fixed_rho_5090.log","docs/experiments/raw/experiments/2026.09.26_近期实验收敛_DM-B-260926-001/9_24_imgr10_fixed_rho_5090.log","d07a1c49e2c439b46c0e884dd93bc811ee7119c81fdc2abaf543378642c55cc5","4915","6533","a02d13b","5090","ImageNet_R","1993","imgr10_t10_rho075_seed1993_20260925_003437","T10","10","10","metrics_complete","d750a913d693aea651ea5aab96581715eccc209cedb9216c284fec75c9bad069","86.971","82.27","81.83","86.36","6.2656","96.37","3043.46","{""init_epoch"":20,""epochs"":20,""init_lr"":0.02,""lrate"":0.02,""ca_epochs"":5,""disable_fused_sdpa"":true,""dual_mask_anchor_reg_weight"":10,""dual_mask_reg_weight"":0.01,""dual_mask_conflict_reg_enabled"":false,""dual_mask_conflict_ratio"":0.1,""dual_mask_conflict_strength"":0.5,""dual_mask_conflict_energy_adaptive"":false,""dual_mask_conflict_old_overlap_adaptive"":false,""dual_mask_conflict_granularity"":""mixed"",""dual_mask_conflict_budget_multiplier"":1,""dual_mask_conflict_score_mode"":""conflict"",""dual_mask_private_conflict_mode"":""global"",""dual_mask_private_rank"":0,""dual_mask_s_conflict_enabled"":true,""dual_mask_p_conflict_enabled"":true,""dual_mask_s_protect_enabled"":true,""task0_validation_enabled"":false}"
"b5c35a1f9ec2-R001","/Users/luxiaogen/Desktop/loda_logs/9-25/9_24_imgr10_gate_reg_overlap_3090.log","docs/experiments/raw/experiments/2026.09.26_近期实验收敛_DM-B-260926-001/9_24_imgr10_gate_reg_overlap_3090.log","b5c35a1f9ec2d8531423b48c366e2f6b8d7d3171a789aa3919366cb0883508a3","28","3464","a02d13b","3090","ImageNet_R","1993","imgr10_t10_A_reg_both_seed1993_20260924_235048","T10","10","10","metrics_complete","7f60180fb1ad8e819f0732b83fd8246fbbe2dce2393e54f22d930dc2c6b09ee9","87.008","82.48","82.16","85.49","5.3711","96.52","4550.26","{""init_epoch"":20,""epochs"":20,""init_lr"":0.02,""lrate"":0.02,""ca_epochs"":5,""disable_fused_sdpa"":true,""dual_mask_anchor_reg_weight"":10,""dual_mask_reg_weight"":0.01,""dual_mask_conflict_reg_enabled"":true,""dual_mask_conflict_ratio"":0.1,""dual_mask_conflict_strength"":0.5,""dual_mask_conflict_energy_adaptive"":true,""dual_mask_conflict_old_overlap_adaptive"":true,""dual_mask_conflict_granularity"":""layer"",""dual_mask_conflict_budget_multiplier"":1,""dual_mask_conflict_score_mode"":""conflict"",""dual_mask_private_conflict_mode"":""global"",""dual_mask_private_rank"":0,""dual_mask_s_conflict_enabled"":true,""dual_mask_p_conflict_enabled"":true,""dual_mask_s_protect_enabled"":true,""task0_validation_enabled"":false}"
"b5c35a1f9ec2-R002","/Users/luxiaogen/Desktop/loda_logs/9-25/9_24_imgr10_gate_reg_overlap_3090.log","docs/experiments/raw/experiments/2026.09.26_近期实验收敛_DM-B-260926-001/9_24_imgr10_gate_reg_overlap_3090.log","b5c35a1f9ec2d8531423b48c366e2f6b8d7d3171a789aa3919366cb0883508a3","3464","6900","a02d13b","3090","ImageNet_R","1993","imgr10_t10_B_noreg_both_seed1993_20260924_235048","T10","10","10","metrics_complete","63132929b06238a7f15b104e7cf94cae4fbdecf75f3647fcf7626edd5907f873","87.078","82.35","82.03","85.32","5.57","96.52","4547.65","{""init_epoch"":20,""epochs"":20,""init_lr"":0.02,""lrate"":0.02,""ca_epochs"":5,""disable_fused_sdpa"":true,""dual_mask_anchor_reg_weight"":10,""dual_mask_reg_weight"":0.01,""dual_mask_conflict_reg_enabled"":false,""dual_mask_conflict_ratio"":0.1,""dual_mask_conflict_strength"":0.5,""dual_mask_conflict_energy_adaptive"":true,""dual_mask_conflict_old_overlap_adaptive"":true,""dual_mask_conflict_granularity"":""layer"",""dual_mask_conflict_budget_multiplier"":1,""dual_mask_conflict_score_mode"":""conflict"",""dual_mask_private_conflict_mode"":""global"",""dual_mask_private_rank"":0,""dual_mask_s_conflict_enabled"":true,""dual_mask_p_conflict_enabled"":true,""dual_mask_s_protect_enabled"":true,""task0_validation_enabled"":false}"
"b5c35a1f9ec2-R003","/Users/luxiaogen/Desktop/loda_logs/9-25/9_24_imgr10_gate_reg_overlap_3090.log","docs/experiments/raw/experiments/2026.09.26_近期实验收敛_DM-B-260926-001/9_24_imgr10_gate_reg_overlap_3090.log","b5c35a1f9ec2d8531423b48c366e2f6b8d7d3171a789aa3919366cb0883508a3","6900","10335","a02d13b","3090","ImageNet_R","1993","imgr10_t10_C_reg_no_gates_seed1993_20260924_235048","T10","10","10","metrics_complete","3d0ad885317ef6c8a3a3bbcc629191b6f0f845b9a6f30736688f15cb9673fa04","86.239","80.68","79.67","90.16","10.4189","96.52","4218.21","{""init_epoch"":20,""epochs"":20,""init_lr"":0.02,""lrate"":0.02,""ca_epochs"":5,""disable_fused_sdpa"":true,""dual_mask_anchor_reg_weight"":10,""dual_mask_reg_weight"":0.01,""dual_mask_conflict_reg_enabled"":true,""dual_mask_conflict_ratio"":0.1,""dual_mask_conflict_strength"":0.5,""dual_mask_conflict_energy_adaptive"":true,""dual_mask_conflict_old_overlap_adaptive"":true,""dual_mask_conflict_granularity"":""layer"",""dual_mask_conflict_budget_multiplier"":1,""dual_mask_conflict_score_mode"":""conflict"",""dual_mask_private_conflict_mode"":""global"",""dual_mask_private_rank"":0,""dual_mask_s_conflict_enabled"":false,""dual_mask_p_conflict_enabled"":false,""dual_mask_s_protect_enabled"":true,""task0_validation_enabled"":false}"
"b5c35a1f9ec2-R004","/Users/luxiaogen/Desktop/loda_logs/9-25/9_24_imgr10_gate_reg_overlap_3090.log","docs/experiments/raw/experiments/2026.09.26_近期实验收敛_DM-B-260926-001/9_24_imgr10_gate_reg_overlap_3090.log","b5c35a1f9ec2d8531423b48c366e2f6b8d7d3171a789aa3919366cb0883508a3","10335","13770","a02d13b","3090","ImageNet_R","1993","imgr10_t10_D_noreg_no_gates_seed1993_20260924_235048","T10","10","10","metrics_complete","10188b9c25d02f0ca479fcfa132ad28b267d92324f40318224ea979c3327b3db","86.26599999999999","80.38","79.36","89.98","10.4822","96.52","4192.2","{""init_epoch"":20,""epochs"":20,""init_lr"":0.02,""lrate"":0.02,""ca_epochs"":5,""disable_fused_sdpa"":true,""dual_mask_anchor_reg_weight"":10,""dual_mask_reg_weight"":0.01,""dual_mask_conflict_reg_enabled"":false,""dual_mask_conflict_ratio"":0.1,""dual_mask_conflict_strength"":0.5,""dual_mask_conflict_energy_adaptive"":true,""dual_mask_conflict_old_overlap_adaptive"":true,""dual_mask_conflict_granularity"":""layer"",""dual_mask_conflict_budget_multiplier"":1,""dual_mask_conflict_score_mode"":""conflict"",""dual_mask_private_conflict_mode"":""global"",""dual_mask_private_rank"":0,""dual_mask_s_conflict_enabled"":false,""dual_mask_p_conflict_enabled"":false,""dual_mask_s_protect_enabled"":true,""task0_validation_enabled"":false}"
"b5c35a1f9ec2-R005","/Users/luxiaogen/Desktop/loda_logs/9-25/9_24_imgr10_gate_reg_overlap_3090.log","docs/experiments/raw/experiments/2026.09.26_近期实验收敛_DM-B-260926-001/9_24_imgr10_gate_reg_overlap_3090.log","b5c35a1f9ec2d8531423b48c366e2f6b8d7d3171a789aa3919366cb0883508a3","13770","17205","a02d13b","3090","ImageNet_R","1993","imgr10_t10_E_noreg_s_only_seed1993_20260924_235048","T10","10","10","metrics_complete","c311897ac3c14f59da8c1c1f24c5a2ef8ed61fc8578b2d66289ebfc6c6e69050","86.53900000000002","81.18","80.35","88.95","8.6244","96.52","4365.49","{""init_epoch"":20,""epochs"":20,""init_lr"":0.02,""lrate"":0.02,""ca_epochs"":5,""disable_fused_sdpa"":true,""dual_mask_anchor_reg_weight"":10,""dual_mask_reg_weight"":0.01,""dual_mask_conflict_reg_enabled"":false,""dual_mask_conflict_ratio"":0.1,""dual_mask_conflict_strength"":0.5,""dual_mask_conflict_energy_adaptive"":true,""dual_mask_conflict_old_overlap_adaptive"":true,""dual_mask_conflict_granularity"":""layer"",""dual_mask_conflict_budget_multiplier"":1,""dual_mask_conflict_score_mode"":""conflict"",""dual_mask_private_conflict_mode"":""global"",""dual_mask_private_rank"":0,""dual_mask_s_conflict_enabled"":true,""dual_mask_p_conflict_enabled"":false,""dual_mask_s_protect_enabled"":true,""task0_validation_enabled"":false}"
"b5c35a1f9ec2-R006","/Users/luxiaogen/Desktop/loda_logs/9-25/9_24_imgr10_gate_reg_overlap_3090.log","docs/experiments/raw/experiments/2026.09.26_近期实验收敛_DM-B-260926-001/9_24_imgr10_gate_reg_overlap_3090.log","b5c35a1f9ec2d8531423b48c366e2f6b8d7d3171a789aa3919366cb0883508a3","17205","20629","a02d13b","3090","ImageNet_R","1993","imgr10_t10_F_noreg_p_only_seed1993_20260924_235048","T10","10","10","metrics_complete","1f7f28743f0d77dc9a335c2de0737b5b76009152b0608cfd5f6569244d742b08","86.56300000000002","81.35","80.59","88.43","8.1333","96.52","4366.23","{""init_epoch"":20,""epochs"":20,""init_lr"":0.02,""lrate"":0.02,""ca_epochs"":5,""disable_fused_sdpa"":true,""dual_mask_anchor_reg_weight"":10,""dual_mask_reg_weight"":0.01,""dual_mask_conflict_reg_enabled"":false,""dual_mask_conflict_ratio"":0.1,""dual_mask_conflict_strength"":0.5,""dual_mask_conflict_energy_adaptive"":true,""dual_mask_conflict_old_overlap_adaptive"":true,""dual_mask_conflict_granularity"":""layer"",""dual_mask_conflict_budget_multiplier"":1,""dual_mask_conflict_score_mode"":""conflict"",""dual_mask_private_conflict_mode"":""global"",""dual_mask_private_rank"":0,""dual_mask_s_conflict_enabled"":false,""dual_mask_p_conflict_enabled"":true,""dual_mask_s_protect_enabled"":true,""task0_validation_enabled"":false}"
"5033787eac0d-R001","/Users/luxiaogen/Desktop/loda_logs/9-25/9_25_imgr10_branch_reg_5090.log","docs/experiments/raw/experiments/2026.09.26_近期实验收敛_DM-B-260926-001/9_25_imgr10_branch_reg_5090.log","5033787eac0d3a96e89e93778df58117b266f64060dc1d4be0c6dd07cd9df045","29","3732","ed07e88","5090","ImageNet_R","1993","imgr10_t10_both_seed1993_20260925_174626","T10","10","10","metrics_complete","3078567c8ad4b0670db31c0c7f068ad0a88dfd0b46e03f35f0b5d06ce72ee091","86.966","82.42","82.07","85.66","5.2578","96.37","6170.33","{""init_epoch"":20,""epochs"":20,""init_lr"":0.02,""lrate"":0.02,""ca_epochs"":5,""disable_fused_sdpa"":true,""dual_mask_anchor_reg_weight"":10,""dual_mask_reg_weight"":0.01,""dual_mask_conflict_reg_enabled"":true,""dual_mask_conflict_ratio"":0.1,""dual_mask_conflict_strength"":0.5,""dual_mask_conflict_energy_adaptive"":true,""dual_mask_conflict_old_overlap_adaptive"":true,""dual_mask_conflict_granularity"":""layer"",""dual_mask_conflict_budget_multiplier"":1,""dual_mask_conflict_score_mode"":""conflict"",""dual_mask_private_conflict_mode"":""global"",""dual_mask_private_rank"":0,""dual_mask_s_conflict_enabled"":true,""dual_mask_p_conflict_enabled"":true,""dual_mask_s_protect_enabled"":true,""dual_mask_s_reg_enabled"":true,""dual_mask_p_reg_enabled"":true,""plora_lr_multiplier"":1,""task0_validation_enabled"":false}"
"5033787eac0d-R002","/Users/luxiaogen/Desktop/loda_logs/9-25/9_25_imgr10_branch_reg_5090.log","docs/experiments/raw/experiments/2026.09.26_近期实验收敛_DM-B-260926-001/9_25_imgr10_branch_reg_5090.log","5033787eac0d3a96e89e93778df58117b266f64060dc1d4be0c6dd07cd9df045","3732","7436","ed07e88","5090","ImageNet_R","1993","imgr10_t10_s_only_seed1993_20260925_174626","T10","10","10","metrics_complete","97844c3e68759b30b2dbcd68f0fee47ef41fe970ec029023e8c3168813bdb0c8","87.04499999999999","82.62","82.33","85.32","5.22","96.37","6169.43","{""init_epoch"":20,""epochs"":20,""init_lr"":0.02,""lrate"":0.02,""ca_epochs"":5,""disable_fused_sdpa"":true,""dual_mask_anchor_reg_weight"":10,""dual_mask_reg_weight"":0.01,""dual_mask_conflict_reg_enabled"":true,""dual_mask_conflict_ratio"":0.1,""dual_mask_conflict_strength"":0.5,""dual_mask_conflict_energy_adaptive"":true,""dual_mask_conflict_old_overlap_adaptive"":true,""dual_mask_conflict_granularity"":""layer"",""dual_mask_conflict_budget_multiplier"":1,""dual_mask_conflict_score_mode"":""conflict"",""dual_mask_private_conflict_mode"":""global"",""dual_mask_private_rank"":0,""dual_mask_s_conflict_enabled"":true,""dual_mask_p_conflict_enabled"":true,""dual_mask_s_protect_enabled"":true,""dual_mask_s_reg_enabled"":true,""dual_mask_p_reg_enabled"":false,""plora_lr_multiplier"":1,""task0_validation_enabled"":false}"
"5033787eac0d-R003","/Users/luxiaogen/Desktop/loda_logs/9-25/9_25_imgr10_branch_reg_5090.log","docs/experiments/raw/experiments/2026.09.26_近期实验收敛_DM-B-260926-001/9_25_imgr10_branch_reg_5090.log","5033787eac0d3a96e89e93778df58117b266f64060dc1d4be0c6dd07cd9df045","7436","11125","ed07e88","5090","ImageNet_R","1993","imgr10_t10_p_only_seed1993_20260925_174626","T10","10","10","metrics_complete","02c200fb7b1d5ddcc6964a8035614b1bdae432edf0c18bfc81c34ca440b037ae","86.97200000000001","82.52","82.14","86.01","5.1833","96.37","5031.6","{""init_epoch"":20,""epochs"":20,""init_lr"":0.02,""lrate"":0.02,""ca_epochs"":5,""disable_fused_sdpa"":true,""dual_mask_anchor_reg_weight"":10,""dual_mask_reg_weight"":0.01,""dual_mask_conflict_reg_enabled"":true,""dual_mask_conflict_ratio"":0.1,""dual_mask_conflict_strength"":0.5,""dual_mask_conflict_energy_adaptive"":true,""dual_mask_conflict_old_overlap_adaptive"":true,""dual_mask_conflict_granularity"":""layer"",""dual_mask_conflict_budget_multiplier"":1,""dual_mask_conflict_score_mode"":""conflict"",""dual_mask_private_conflict_mode"":""global"",""dual_mask_private_rank"":0,""dual_mask_s_conflict_enabled"":true,""dual_mask_p_conflict_enabled"":true,""dual_mask_s_protect_enabled"":true,""dual_mask_s_reg_enabled"":false,""dual_mask_p_reg_enabled"":true,""plora_lr_multiplier"":1,""task0_validation_enabled"":false}"
"c23e9860781d-R001","/Users/luxiaogen/Desktop/loda_logs/9-25/9_25_imgr10_mask_reg_3090_queue_20260925_171244.log","docs/experiments/raw/experiments/2026.09.25_掩码正则_DM-B-260925-001/9_25_imgr10_mask_reg_3090_queue_20260925_171244.log","c23e9860781d7c78a7179f5a1f623ebecf9526185408e676594a36a5f2280573","22","450","68fc447","3090","ImageNet_R","1993","imgr10_t10_reg001_baseline_seed1993_20260925_171245","smoke","2","2","metrics_complete","2e1d3f3d55f912bd4bca8c3bc732349a7f89a4819a26b90e35afb75d083bfcab","89.445","87.74","88.24","87.18","2.91","91.15","108.74","{""init_epoch"":1,""epochs"":1,""init_lr"":0.02,""lrate"":0.02,""ca_epochs"":1,""disable_fused_sdpa"":true,""dual_mask_anchor_reg_weight"":10,""dual_mask_reg_weight"":0.01,""dual_mask_conflict_reg_enabled"":true,""dual_mask_conflict_ratio"":0.1,""dual_mask_conflict_strength"":0.5,""dual_mask_conflict_energy_adaptive"":true,""dual_mask_conflict_old_overlap_adaptive"":true,""dual_mask_conflict_granularity"":""layer"",""dual_mask_conflict_budget_multiplier"":1,""dual_mask_conflict_score_mode"":""conflict"",""dual_mask_private_conflict_mode"":""global"",""dual_mask_private_rank"":0,""dual_mask_s_conflict_enabled"":true,""dual_mask_p_conflict_enabled"":true,""dual_mask_s_protect_enabled"":true,""plora_lr_multiplier"":1,""task0_validation_enabled"":false}"
"c23e9860781d-R002","/Users/luxiaogen/Desktop/loda_logs/9-25/9_25_imgr10_mask_reg_3090_queue_20260925_171244.log","docs/experiments/raw/experiments/2026.09.25_掩码正则_DM-B-260925-001/9_25_imgr10_mask_reg_3090_queue_20260925_171244.log","c23e9860781d7c78a7179f5a1f623ebecf9526185408e676594a36a5f2280573","450","900","68fc447","3090","ImageNet_R","1993","imgr10_t10_reg0_candidate_seed1993_20260925_171245","smoke","2","2","metrics_complete","830a308bd8ec91b08f50d7a3065ab7db578482313472a347dfc0183398477e74","89.37","87.59","88.1","87.03","3.05","91.15","106.9","{""init_epoch"":1,""epochs"":1,""init_lr"":0.02,""lrate"":0.02,""ca_epochs"":1,""disable_fused_sdpa"":true,""dual_mask_anchor_reg_weight"":10,""dual_mask_reg_weight"":0,""dual_mask_conflict_reg_enabled"":true,""dual_mask_conflict_ratio"":0.1,""dual_mask_conflict_strength"":0.5,""dual_mask_conflict_energy_adaptive"":true,""dual_mask_conflict_old_overlap_adaptive"":true,""dual_mask_conflict_granularity"":""layer"",""dual_mask_conflict_budget_multiplier"":1,""dual_mask_conflict_score_mode"":""conflict"",""dual_mask_private_conflict_mode"":""global"",""dual_mask_private_rank"":0,""dual_mask_s_conflict_enabled"":true,""dual_mask_p_conflict_enabled"":true,""dual_mask_s_protect_enabled"":true,""plora_lr_multiplier"":1,""task0_validation_enabled"":false}"
"c23e9860781d-R003","/Users/luxiaogen/Desktop/loda_logs/9-25/9_25_imgr10_mask_reg_3090_queue_20260925_171244.log","docs/experiments/raw/experiments/2026.09.25_掩码正则_DM-B-260925-001/9_25_imgr10_mask_reg_3090_queue_20260925_171244.log","c23e9860781d7c78a7179f5a1f623ebecf9526185408e676594a36a5f2280573","900","4603","68fc447","3090","ImageNet_R","1993","imgr10_t10_reg001_baseline_seed1993_20260925_171624","T10","10","10","metrics_complete","b6a14c95b35aa6570681399fb1d89cf1e24b301a962e9be8061db32e42ee060b","87.029","82.52","82.18","85.66","5.4289","96.52","4580.23","{""init_epoch"":20,""epochs"":20,""init_lr"":0.02,""lrate"":0.02,""ca_epochs"":5,""disable_fused_sdpa"":true,""dual_mask_anchor_reg_weight"":10,""dual_mask_reg_weight"":0.01,""dual_mask_conflict_reg_enabled"":true,""dual_mask_conflict_ratio"":0.1,""dual_mask_conflict_strength"":0.5,""dual_mask_conflict_energy_adaptive"":true,""dual_mask_conflict_old_overlap_adaptive"":true,""dual_mask_conflict_granularity"":""layer"",""dual_mask_conflict_budget_multiplier"":1,""dual_mask_conflict_score_mode"":""conflict"",""dual_mask_private_conflict_mode"":""global"",""dual_mask_private_rank"":0,""dual_mask_s_conflict_enabled"":true,""dual_mask_p_conflict_enabled"":true,""dual_mask_s_protect_enabled"":true,""plora_lr_multiplier"":1,""task0_validation_enabled"":false}"
"c23e9860781d-R004","/Users/luxiaogen/Desktop/loda_logs/9-25/9_25_imgr10_mask_reg_3090_queue_20260925_171244.log","docs/experiments/raw/experiments/2026.09.25_掩码正则_DM-B-260925-001/9_25_imgr10_mask_reg_3090_queue_20260925_171244.log","c23e9860781d7c78a7179f5a1f623ebecf9526185408e676594a36a5f2280573","4603","8294","68fc447","3090","ImageNet_R","1993","imgr10_t10_reg0_candidate_seed1993_20260925_171624","T10","10","10","metrics_complete","c5dbe259fffb40d5264faff884ac00581c0ceae6e458c97b3a9a61ebbf713803","86.954","82.38","82.07","85.32","5.5533","96.52","4142.3","{""init_epoch"":20,""epochs"":20,""init_lr"":0.02,""lrate"":0.02,""ca_epochs"":5,""disable_fused_sdpa"":true,""dual_mask_anchor_reg_weight"":10,""dual_mask_reg_weight"":0,""dual_mask_conflict_reg_enabled"":true,""dual_mask_conflict_ratio"":0.1,""dual_mask_conflict_strength"":0.5,""dual_mask_conflict_energy_adaptive"":true,""dual_mask_conflict_old_overlap_adaptive"":true,""dual_mask_conflict_granularity"":""layer"",""dual_mask_conflict_budget_multiplier"":1,""dual_mask_conflict_score_mode"":""conflict"",""dual_mask_private_conflict_mode"":""global"",""dual_mask_private_rank"":0,""dual_mask_s_conflict_enabled"":true,""dual_mask_p_conflict_enabled"":true,""dual_mask_s_protect_enabled"":true,""plora_lr_multiplier"":1,""task0_validation_enabled"":false}"
"4417290a1ee6-R001","/Users/luxiaogen/Desktop/loda_logs/9-25/9_25_imgr10_plora_lr_3090.log","docs/experiments/raw/experiments/2026.09.26_近期实验收敛_DM-B-260926-001/9_25_imgr10_plora_lr_3090.log","4417290a1ee669cb61081969007fe2c07b7c85be5ea5fb79c991d455be9a7b94","28","3674","ce64344","3090","ImageNet_R","1993","imgr10_t10_plr1_baseline_seed1993_20260925_094415","T10","10","10","metrics_complete","60907f53b4e9d30dff02096742d38b699144a97b393e049b7f217f46a6c02285","87.00999999999999","82.32","82.05","84.8","5.4756","96.52","4682.98","{""init_epoch"":20,""epochs"":20,""init_lr"":0.02,""lrate"":0.02,""ca_epochs"":5,""disable_fused_sdpa"":true,""dual_mask_anchor_reg_weight"":10,""dual_mask_reg_weight"":0.01,""dual_mask_conflict_reg_enabled"":true,""dual_mask_conflict_ratio"":0.1,""dual_mask_conflict_strength"":0.5,""dual_mask_conflict_energy_adaptive"":true,""dual_mask_conflict_old_overlap_adaptive"":true,""dual_mask_conflict_granularity"":""layer"",""dual_mask_conflict_budget_multiplier"":1,""dual_mask_conflict_score_mode"":""conflict"",""dual_mask_private_conflict_mode"":""global"",""dual_mask_private_rank"":0,""dual_mask_s_conflict_enabled"":true,""dual_mask_p_conflict_enabled"":true,""dual_mask_s_protect_enabled"":true,""plora_lr_multiplier"":1,""task0_validation_enabled"":false}"
"4417290a1ee6-R002","/Users/luxiaogen/Desktop/loda_logs/9-25/9_25_imgr10_plora_lr_3090.log","docs/experiments/raw/experiments/2026.09.26_近期实验收敛_DM-B-260926-001/9_25_imgr10_plora_lr_3090.log","4417290a1ee669cb61081969007fe2c07b7c85be5ea5fb79c991d455be9a7b94","3674","7309","ce64344","3090","ImageNet_R","1993","imgr10_t10_plr15_candidate_seed1993_20260925_094415","T10","10","10","metrics_complete","c30e8525635363a4319329fe4bccd64057de87f95c01e5d86f7c3713de93fef6","86.947","82.55","82.11","86.7","5.6378","96.52","4704.13","{""init_epoch"":20,""epochs"":20,""init_lr"":0.02,""lrate"":0.02,""ca_epochs"":5,""disable_fused_sdpa"":true,""dual_mask_anchor_reg_weight"":10,""dual_mask_reg_weight"":0.01,""dual_mask_conflict_reg_enabled"":true,""dual_mask_conflict_ratio"":0.1,""dual_mask_conflict_strength"":0.5,""dual_mask_conflict_energy_adaptive"":true,""dual_mask_conflict_old_overlap_adaptive"":true,""dual_mask_conflict_granularity"":""layer"",""dual_mask_conflict_budget_multiplier"":1,""dual_mask_conflict_score_mode"":""conflict"",""dual_mask_private_conflict_mode"":""global"",""dual_mask_private_rank"":0,""dual_mask_s_conflict_enabled"":true,""dual_mask_p_conflict_enabled"":true,""dual_mask_s_protect_enabled"":true,""plora_lr_multiplier"":1.5,""task0_validation_enabled"":false}"
"599ddd29364d-R001","/Users/luxiaogen/Desktop/loda_logs/9-25/9_25_imgr10_task0_steering_screen_t3_3090.log","docs/experiments/raw/experiments/2026.09.26_近期实验收敛_DM-B-260926-001/9_25_imgr10_task0_steering_screen_t3_3090.log","599ddd29364db980dc2b4959388b5fb18c1a0ccbc80932dab2f20e7336fde157","16","511","","3090","ImageNet_R","1993","imgr10_t3_baseline_seed1993","T3_screen","3","3","metrics_complete","6f2c88e5b5df580f17043bd16724ddb9591e40e69ffac3a23be41176daaf650a","92.44333333333333","89.36","90.46","86.96","2.21","96.52","1270.97","{""init_epoch"":20,""epochs"":20,""init_lr"":0.02,""lrate"":0.02,""ca_epochs"":5,""disable_fused_sdpa"":true,""dual_mask_anchor_reg_weight"":10,""dual_mask_reg_weight"":0.01,""dual_mask_conflict_reg_enabled"":true,""dual_mask_conflict_ratio"":0.1,""dual_mask_conflict_strength"":0.5,""dual_mask_conflict_energy_adaptive"":true,""dual_mask_conflict_old_overlap_adaptive"":true,""dual_mask_conflict_granularity"":""layer"",""dual_mask_private_conflict_mode"":""global"",""task0_margin"":0.1,""task0_rs_weight"":0,""task0_validation_enabled"":true}"
"599ddd29364d-R002","/Users/luxiaogen/Desktop/loda_logs/9-25/9_25_imgr10_task0_steering_screen_t3_3090.log","docs/experiments/raw/experiments/2026.09.26_近期实验收敛_DM-B-260926-001/9_25_imgr10_task0_steering_screen_t3_3090.log","599ddd29364db980dc2b4959388b5fb18c1a0ccbc80932dab2f20e7336fde157","511","1005","","3090","ImageNet_R","1993","imgr10_t3_task0_margin015_seed1993","T3_screen","3","3","metrics_complete","b422783e8f2b1f47ebfbe976e93923cf91047813e9ae0d76af691bd456892019","92.25333333333333","89.1","90.69","85.64","1.315","96.37","1262.75","{""init_epoch"":20,""epochs"":20,""init_lr"":0.02,""lrate"":0.02,""ca_epochs"":5,""disable_fused_sdpa"":true,""dual_mask_anchor_reg_weight"":10,""dual_mask_reg_weight"":0.01,""dual_mask_conflict_reg_enabled"":true,""dual_mask_conflict_ratio"":0.1,""dual_mask_conflict_strength"":0.5,""dual_mask_conflict_energy_adaptive"":true,""dual_mask_conflict_old_overlap_adaptive"":true,""dual_mask_conflict_granularity"":""layer"",""dual_mask_private_conflict_mode"":""global"",""task0_margin"":0.15,""task0_rs_weight"":0,""task0_validation_enabled"":true}"
"599ddd29364d-R003","/Users/luxiaogen/Desktop/loda_logs/9-25/9_25_imgr10_task0_steering_screen_t3_3090.log","docs/experiments/raw/experiments/2026.09.26_近期实验收敛_DM-B-260926-001/9_25_imgr10_task0_steering_screen_t3_3090.log","599ddd29364db980dc2b4959388b5fb18c1a0ccbc80932dab2f20e7336fde157","1005","1503","","3090","ImageNet_R","1993","imgr10_t3_anchor5_seed1993","T3_screen","3","3","metrics_complete","bab0a1cdbc4d9643d83f35bd19f34c395c1ffca3e722f62fd4611d8f54d6225a","92.38999999999999","89.52","90.61","87.13","1.885","96.66","1296.29","{""init_epoch"":20,""epochs"":20,""init_lr"":0.02,""lrate"":0.02,""ca_epochs"":5,""disable_fused_sdpa"":true,""dual_mask_anchor_reg_weight"":5,""dual_mask_reg_weight"":0.01,""dual_mask_conflict_reg_enabled"":true,""dual_mask_conflict_ratio"":0.1,""dual_mask_conflict_strength"":0.5,""dual_mask_conflict_energy_adaptive"":true,""dual_mask_conflict_old_overlap_adaptive"":true,""dual_mask_conflict_granularity"":""layer"",""dual_mask_private_conflict_mode"":""global"",""task0_margin"":0.1,""task0_rs_weight"":0,""task0_validation_enabled"":true}"
"599ddd29364d-R004","/Users/luxiaogen/Desktop/loda_logs/9-25/9_25_imgr10_task0_steering_screen_t3_3090.log","docs/experiments/raw/experiments/2026.09.26_近期实验收敛_DM-B-260926-001/9_25_imgr10_task0_steering_screen_t3_3090.log","599ddd29364db980dc2b4959388b5fb18c1a0ccbc80932dab2f20e7336fde157","1503","1987","","3090","ImageNet_R","1993","imgr10_t3_task0_rs_seed1993","T3_screen","3","3","metrics_complete","7d1670fcacdb9c9daf7426ee098e5ad6114d38336a7da4903af042cdd6a7930d","92.09666666666668","89.21","90.08","87.29","2.045","95.79","1248.4","{""init_epoch"":20,""epochs"":20,""init_lr"":0.02,""lrate"":0.02,""ca_epochs"":5,""disable_fused_sdpa"":true,""dual_mask_anchor_reg_weight"":10,""dual_mask_reg_weight"":0.01,""dual_mask_conflict_reg_enabled"":true,""dual_mask_conflict_ratio"":0.1,""dual_mask_conflict_strength"":0.5,""dual_mask_conflict_energy_adaptive"":true,""dual_mask_conflict_old_overlap_adaptive"":true,""dual_mask_conflict_granularity"":""layer"",""dual_mask_private_conflict_mode"":""global"",""task0_margin"":0.1,""task0_rs_weight"":0.5,""task0_validation_enabled"":true}"
"f69c5f2c0768-R001","/Users/luxiaogen/Desktop/loda_logs/9-26/9_25_imgr10_p_direction_3090.log","docs/experiments/raw/experiments/2026.09.26_近期实验收敛_DM-B-260926-001/9_25_imgr10_p_direction_3090.log","f69c5f2c07683fcfcd115fbfd4df340533400a3530ac67a16c9d452d9d060aaf","22","493","dc709f8","3090","ImageNet_R","1993","imgr10_t10_baseline_seed1993_3090_20260925_233029_smoke","smoke","2","2","metrics_complete","b28b68fe7f81effef8ead26f81a72ff71d9c2f3a27333e2654f9e483ed465120","89.33000000000001","87.51","87.95","87.03","3.2","91.15","112.09","{""init_epoch"":1,""epochs"":1,""init_lr"":0.02,""lrate"":0.02,""ca_epochs"":1,""disable_fused_sdpa"":true,""dual_mask_anchor_reg_weight"":10,""dual_mask_reg_weight"":0.01,""dual_mask_conflict_reg_enabled"":true,""dual_mask_conflict_ratio"":0.1,""dual_mask_conflict_strength"":0.5,""dual_mask_conflict_energy_adaptive"":true,""dual_mask_conflict_old_overlap_adaptive"":true,""dual_mask_conflict_granularity"":""layer"",""dual_mask_conflict_budget_multiplier"":1,""dual_mask_conflict_score_mode"":""conflict"",""dual_mask_private_conflict_mode"":""global"",""dual_mask_private_rank"":0,""dual_mask_s_conflict_enabled"":true,""dual_mask_p_conflict_enabled"":true,""dual_mask_s_protect_enabled"":true,""dual_mask_s_reg_enabled"":true,""dual_mask_p_reg_enabled"":true,""plora_lr_multiplier"":1,""p_step_direction"":""baseline"",""task0_margin"":0.1,""task0_rs_weight"":0,""task0_validation_enabled"":false}"
"f69c5f2c0768-R002","/Users/luxiaogen/Desktop/loda_logs/9-26/9_25_imgr10_p_direction_3090.log","docs/experiments/raw/experiments/2026.09.26_近期实验收敛_DM-B-260926-001/9_25_imgr10_p_direction_3090.log","f69c5f2c07683fcfcd115fbfd4df340533400a3530ac67a16c9d452d9d060aaf","493","964","dc709f8","3090","ImageNet_R","1993","imgr10_t10_norm_seed1993_3090_20260925_233029_smoke","smoke","2","2","metrics_complete","0bf9672db722d219e4f8c13f8bea4d937f70259e72cab8d2675c9149a207a1f2","89.445","87.74","88.39","87.03","2.76","91.15","111.66","{""init_epoch"":1,""epochs"":1,""init_lr"":0.02,""lrate"":0.02,""ca_epochs"":1,""disable_fused_sdpa"":true,""dual_mask_anchor_reg_weight"":10,""dual_mask_reg_weight"":0.01,""dual_mask_conflict_reg_enabled"":true,""dual_mask_conflict_ratio"":0.1,""dual_mask_conflict_strength"":0.5,""dual_mask_conflict_energy_adaptive"":true,""dual_mask_conflict_old_overlap_adaptive"":true,""dual_mask_conflict_granularity"":""layer"",""dual_mask_conflict_budget_multiplier"":1,""dual_mask_conflict_score_mode"":""conflict"",""dual_mask_private_conflict_mode"":""global"",""dual_mask_private_rank"":0,""dual_mask_s_conflict_enabled"":true,""dual_mask_p_conflict_enabled"":true,""dual_mask_s_protect_enabled"":true,""dual_mask_s_reg_enabled"":true,""dual_mask_p_reg_enabled"":true,""plora_lr_multiplier"":1,""p_step_direction"":""norm"",""task0_margin"":0.1,""task0_rs_weight"":0,""task0_validation_enabled"":false}"
"f69c5f2c0768-R003","/Users/luxiaogen/Desktop/loda_logs/9-26/9_25_imgr10_p_direction_3090.log","docs/experiments/raw/experiments/2026.09.26_近期实验收敛_DM-B-260926-001/9_25_imgr10_p_direction_3090.log","f69c5f2c07683fcfcd115fbfd4df340533400a3530ac67a16c9d452d9d060aaf","964","1452","dc709f8","3090","ImageNet_R","1993","imgr10_t10_conflict_seed1993_3090_20260925_233029_smoke","smoke","2","2","metrics_complete","23df804e1bbab58bf180c40b0216413295a8e60c3241019adc5f0f365dbe5883","89.405","87.66","87.95","87.34","3.2","91.15","111.97","{""init_epoch"":1,""epochs"":1,""init_lr"":0.02,""lrate"":0.02,""ca_epochs"":1,""disable_fused_sdpa"":true,""dual_mask_anchor_reg_weight"":10,""dual_mask_reg_weight"":0.01,""dual_mask_conflict_reg_enabled"":true,""dual_mask_conflict_ratio"":0.1,""dual_mask_conflict_strength"":0.5,""dual_mask_conflict_energy_adaptive"":true,""dual_mask_conflict_old_overlap_adaptive"":true,""dual_mask_conflict_granularity"":""layer"",""dual_mask_conflict_budget_multiplier"":1,""dual_mask_conflict_score_mode"":""conflict"",""dual_mask_private_conflict_mode"":""global"",""dual_mask_private_rank"":0,""dual_mask_s_conflict_enabled"":true,""dual_mask_p_conflict_enabled"":true,""dual_mask_s_protect_enabled"":true,""dual_mask_s_reg_enabled"":true,""dual_mask_p_reg_enabled"":true,""plora_lr_multiplier"":1,""p_step_direction"":""conflict"",""task0_margin"":0.1,""task0_rs_weight"":0,""task0_validation_enabled"":false}"
"f69c5f2c0768-R004","/Users/luxiaogen/Desktop/loda_logs/9-26/9_25_imgr10_p_direction_3090.log","docs/experiments/raw/experiments/2026.09.26_近期实验收敛_DM-B-260926-001/9_25_imgr10_p_direction_3090.log","f69c5f2c07683fcfcd115fbfd4df340533400a3530ac67a16c9d452d9d060aaf","1452","6234","dc709f8","3090","ImageNet_R","1993","imgr10_t10_baseline_seed1993_3090_20260925_233608_full","T10","10","10","metrics_complete","fe245d97bc8e7d5d9e795caceb883b8d2a612070062a2d86a9d3fc434385c17d","86.97999999999999","82.42","81.98","86.53","5.6033","96.52","5152.48","{""init_epoch"":20,""epochs"":20,""init_lr"":0.02,""lrate"":0.02,""ca_epochs"":5,""disable_fused_sdpa"":true,""dual_mask_anchor_reg_weight"":10,""dual_mask_reg_weight"":0.01,""dual_mask_conflict_reg_enabled"":true,""dual_mask_conflict_ratio"":0.1,""dual_mask_conflict_strength"":0.5,""dual_mask_conflict_energy_adaptive"":true,""dual_mask_conflict_old_overlap_adaptive"":true,""dual_mask_conflict_granularity"":""layer"",""dual_mask_conflict_budget_multiplier"":1,""dual_mask_conflict_score_mode"":""conflict"",""dual_mask_private_conflict_mode"":""global"",""dual_mask_private_rank"":0,""dual_mask_s_conflict_enabled"":true,""dual_mask_p_conflict_enabled"":true,""dual_mask_s_protect_enabled"":true,""dual_mask_s_reg_enabled"":true,""dual_mask_p_reg_enabled"":true,""plora_lr_multiplier"":1,""p_step_direction"":""baseline"",""task0_margin"":0.1,""task0_rs_weight"":0,""task0_validation_enabled"":false}"
"f69c5f2c0768-R005","/Users/luxiaogen/Desktop/loda_logs/9-26/9_25_imgr10_p_direction_3090.log","docs/experiments/raw/experiments/2026.09.26_近期实验收敛_DM-B-260926-001/9_25_imgr10_p_direction_3090.log","f69c5f2c07683fcfcd115fbfd4df340533400a3530ac67a16c9d452d9d060aaf","6234","11015","dc709f8","3090","ImageNet_R","1993","imgr10_t10_norm_seed1993_3090_20260925_233608_full","T10","10","10","metrics_complete","e3c290b3c8cd56279fe8f3f6e4839490f4733c4957933a4df11e7e5fd61f97f4","86.94000000000001","82.32","81.94","85.84","5.5389","96.52","5159.93","{""init_epoch"":20,""epochs"":20,""init_lr"":0.02,""lrate"":0.02,""ca_epochs"":5,""disable_fused_sdpa"":true,""dual_mask_anchor_reg_weight"":10,""dual_mask_reg_weight"":0.01,""dual_mask_conflict_reg_enabled"":true,""dual_mask_conflict_ratio"":0.1,""dual_mask_conflict_strength"":0.5,""dual_mask_conflict_energy_adaptive"":true,""dual_mask_conflict_old_overlap_adaptive"":true,""dual_mask_conflict_granularity"":""layer"",""dual_mask_conflict_budget_multiplier"":1,""dual_mask_conflict_score_mode"":""conflict"",""dual_mask_private_conflict_mode"":""global"",""dual_mask_private_rank"":0,""dual_mask_s_conflict_enabled"":true,""dual_mask_p_conflict_enabled"":true,""dual_mask_s_protect_enabled"":true,""dual_mask_s_reg_enabled"":true,""dual_mask_p_reg_enabled"":true,""plora_lr_multiplier"":1,""p_step_direction"":""norm"",""task0_margin"":0.1,""task0_rs_weight"":0,""task0_validation_enabled"":false}"
"f69c5f2c0768-R006","/Users/luxiaogen/Desktop/loda_logs/9-26/9_25_imgr10_p_direction_3090.log","docs/experiments/raw/experiments/2026.09.26_近期实验收敛_DM-B-260926-001/9_25_imgr10_p_direction_3090.log","f69c5f2c07683fcfcd115fbfd4df340533400a3530ac67a16c9d452d9d060aaf","11015","15789","dc709f8","3090","ImageNet_R","1993","imgr10_t10_conflict_seed1993_3090_20260925_233608_full","T10","10","10","metrics_complete","7ad71a3d2d53142537978ba45092a1cd058c5a0f2346526ed62e2d246fecc2dd","87.047","82.5","82.22","85.15","5.2933","96.52","5162.26","{""init_epoch"":20,""epochs"":20,""init_lr"":0.02,""lrate"":0.02,""ca_epochs"":5,""disable_fused_sdpa"":true,""dual_mask_anchor_reg_weight"":10,""dual_mask_reg_weight"":0.01,""dual_mask_conflict_reg_enabled"":true,""dual_mask_conflict_ratio"":0.1,""dual_mask_conflict_strength"":0.5,""dual_mask_conflict_energy_adaptive"":true,""dual_mask_conflict_old_overlap_adaptive"":true,""dual_mask_conflict_granularity"":""layer"",""dual_mask_conflict_budget_multiplier"":1,""dual_mask_conflict_score_mode"":""conflict"",""dual_mask_private_conflict_mode"":""global"",""dual_mask_private_rank"":0,""dual_mask_s_conflict_enabled"":true,""dual_mask_p_conflict_enabled"":true,""dual_mask_s_protect_enabled"":true,""dual_mask_s_reg_enabled"":true,""dual_mask_p_reg_enabled"":true,""plora_lr_multiplier"":1,""p_step_direction"":""conflict"",""task0_margin"":0.1,""task0_rs_weight"":0,""task0_validation_enabled"":false}"
"41da82ed9425-R001","/Users/luxiaogen/Desktop/loda_logs/9-26/9_25_imgr10_p_direction_5090.log","docs/experiments/raw/experiments/2026.09.26_近期实验收敛_DM-B-260926-001/9_25_imgr10_p_direction_5090.log","41da82ed9425cd0cebda075ca705c6066c5f6ad8a78352ffb9312935b44f91de","25","496","dc709f8","5090","ImageNet_R","1993","imgr10_t10_baseline_seed1993_5090_20260925_233128_smoke","smoke","2","2","metrics_complete","b28b68fe7f81effef8ead26f81a72ff71d9c2f3a27333e2654f9e483ed465120","89","87.43","87.81","87.03","2.76","90.57","227.89","{""init_epoch"":1,""epochs"":1,""init_lr"":0.02,""lrate"":0.02,""ca_epochs"":1,""disable_fused_sdpa"":true,""dual_mask_anchor_reg_weight"":10,""dual_mask_reg_weight"":0.01,""dual_mask_conflict_reg_enabled"":true,""dual_mask_conflict_ratio"":0.1,""dual_mask_conflict_strength"":0.5,""dual_mask_conflict_energy_adaptive"":true,""dual_mask_conflict_old_overlap_adaptive"":true,""dual_mask_conflict_granularity"":""layer"",""dual_mask_conflict_budget_multiplier"":1,""dual_mask_conflict_score_mode"":""conflict"",""dual_mask_private_conflict_mode"":""global"",""dual_mask_private_rank"":0,""dual_mask_s_conflict_enabled"":true,""dual_mask_p_conflict_enabled"":true,""dual_mask_s_protect_enabled"":true,""dual_mask_s_reg_enabled"":true,""dual_mask_p_reg_enabled"":true,""plora_lr_multiplier"":1,""p_step_direction"":""baseline"",""task0_margin"":0.1,""task0_rs_weight"":0,""task0_validation_enabled"":false}"
"41da82ed9425-R002","/Users/luxiaogen/Desktop/loda_logs/9-26/9_25_imgr10_p_direction_5090.log","docs/experiments/raw/experiments/2026.09.26_近期实验收敛_DM-B-260926-001/9_25_imgr10_p_direction_5090.log","41da82ed9425cd0cebda075ca705c6066c5f6ad8a78352ffb9312935b44f91de","496","967","dc709f8","5090","ImageNet_R","1993","imgr10_t10_norm_seed1993_5090_20260925_233128_smoke","smoke","2","2","metrics_complete","0bf9672db722d219e4f8c13f8bea4d937f70259e72cab8d2675c9149a207a1f2","89.155","87.74","88.39","87.03","2.18","90.57","228.55","{""init_epoch"":1,""epochs"":1,""init_lr"":0.02,""lrate"":0.02,""ca_epochs"":1,""disable_fused_sdpa"":true,""dual_mask_anchor_reg_weight"":10,""dual_mask_reg_weight"":0.01,""dual_mask_conflict_reg_enabled"":true,""dual_mask_conflict_ratio"":0.1,""dual_mask_conflict_strength"":0.5,""dual_mask_conflict_energy_adaptive"":true,""dual_mask_conflict_old_overlap_adaptive"":true,""dual_mask_conflict_granularity"":""layer"",""dual_mask_conflict_budget_multiplier"":1,""dual_mask_conflict_score_mode"":""conflict"",""dual_mask_private_conflict_mode"":""global"",""dual_mask_private_rank"":0,""dual_mask_s_conflict_enabled"":true,""dual_mask_p_conflict_enabled"":true,""dual_mask_s_protect_enabled"":true,""dual_mask_s_reg_enabled"":true,""dual_mask_p_reg_enabled"":true,""plora_lr_multiplier"":1,""p_step_direction"":""norm"",""task0_margin"":0.1,""task0_rs_weight"":0,""task0_validation_enabled"":false}"
"41da82ed9425-R003","/Users/luxiaogen/Desktop/loda_logs/9-26/9_25_imgr10_p_direction_5090.log","docs/experiments/raw/experiments/2026.09.26_近期实验收敛_DM-B-260926-001/9_25_imgr10_p_direction_5090.log","41da82ed9425cd0cebda075ca705c6066c5f6ad8a78352ffb9312935b44f91de","967","1458","dc709f8","5090","ImageNet_R","1993","imgr10_t10_conflict_seed1993_5090_20260925_233128_smoke","smoke","2","2","metrics_complete","23df804e1bbab58bf180c40b0216413295a8e60c3241019adc5f0f365dbe5883","89","87.43","87.95","86.87","2.62","90.57","215.71","{""init_epoch"":1,""epochs"":1,""init_lr"":0.02,""lrate"":0.02,""ca_epochs"":1,""disable_fused_sdpa"":true,""dual_mask_anchor_reg_weight"":10,""dual_mask_reg_weight"":0.01,""dual_mask_conflict_reg_enabled"":true,""dual_mask_conflict_ratio"":0.1,""dual_mask_conflict_strength"":0.5,""dual_mask_conflict_energy_adaptive"":true,""dual_mask_conflict_old_overlap_adaptive"":true,""dual_mask_conflict_granularity"":""layer"",""dual_mask_conflict_budget_multiplier"":1,""dual_mask_conflict_score_mode"":""conflict"",""dual_mask_private_conflict_mode"":""global"",""dual_mask_private_rank"":0,""dual_mask_s_conflict_enabled"":true,""dual_mask_p_conflict_enabled"":true,""dual_mask_s_protect_enabled"":true,""dual_mask_s_reg_enabled"":true,""dual_mask_p_reg_enabled"":true,""plora_lr_multiplier"":1,""p_step_direction"":""conflict"",""task0_margin"":0.1,""task0_rs_weight"":0,""task0_validation_enabled"":false}"
"41da82ed9425-R004","/Users/luxiaogen/Desktop/loda_logs/9-26/9_25_imgr10_p_direction_5090.log","docs/experiments/raw/experiments/2026.09.26_近期实验收敛_DM-B-260926-001/9_25_imgr10_p_direction_5090.log","41da82ed9425cd0cebda075ca705c6066c5f6ad8a78352ffb9312935b44f91de","1458","6239","dc709f8","5090","ImageNet_R","1993","imgr10_t10_baseline_seed1993_5090_20260925_234245_full","T10","10","10","metrics_complete","fe245d97bc8e7d5d9e795caceb883b8d2a612070062a2d86a9d3fc434385c17d","87.00300000000001","82.47","82.07","86.18","5.3033","96.37","9716.8","{""init_epoch"":20,""epochs"":20,""init_lr"":0.02,""lrate"":0.02,""ca_epochs"":5,""disable_fused_sdpa"":true,""dual_mask_anchor_reg_weight"":10,""dual_mask_reg_weight"":0.01,""dual_mask_conflict_reg_enabled"":true,""dual_mask_conflict_ratio"":0.1,""dual_mask_conflict_strength"":0.5,""dual_mask_conflict_energy_adaptive"":true,""dual_mask_conflict_old_overlap_adaptive"":true,""dual_mask_conflict_granularity"":""layer"",""dual_mask_conflict_budget_multiplier"":1,""dual_mask_conflict_score_mode"":""conflict"",""dual_mask_private_conflict_mode"":""global"",""dual_mask_private_rank"":0,""dual_mask_s_conflict_enabled"":true,""dual_mask_p_conflict_enabled"":true,""dual_mask_s_protect_enabled"":true,""dual_mask_s_reg_enabled"":true,""dual_mask_p_reg_enabled"":true,""plora_lr_multiplier"":1,""p_step_direction"":""baseline"",""task0_margin"":0.1,""task0_rs_weight"":0,""task0_validation_enabled"":false}"
"41da82ed9425-R005","/Users/luxiaogen/Desktop/loda_logs/9-26/9_25_imgr10_p_direction_5090.log","docs/experiments/raw/experiments/2026.09.26_近期实验收敛_DM-B-260926-001/9_25_imgr10_p_direction_5090.log","41da82ed9425cd0cebda075ca705c6066c5f6ad8a78352ffb9312935b44f91de","6239","11020","dc709f8","5090","ImageNet_R","1993","imgr10_t10_norm_seed1993_5090_20260925_234245_full","T10","10","10","metrics_complete","e3c290b3c8cd56279fe8f3f6e4839490f4733c4957933a4df11e7e5fd61f97f4","87.01700000000001","82.58","82.2","86.18","5.18","96.37","3117.97","{""init_epoch"":20,""epochs"":20,""init_lr"":0.02,""lrate"":0.02,""ca_epochs"":5,""disable_fused_sdpa"":true,""dual_mask_anchor_reg_weight"":10,""dual_mask_reg_weight"":0.01,""dual_mask_conflict_reg_enabled"":true,""dual_mask_conflict_ratio"":0.1,""dual_mask_conflict_strength"":0.5,""dual_mask_conflict_energy_adaptive"":true,""dual_mask_conflict_old_overlap_adaptive"":true,""dual_mask_conflict_granularity"":""layer"",""dual_mask_conflict_budget_multiplier"":1,""dual_mask_conflict_score_mode"":""conflict"",""dual_mask_private_conflict_mode"":""global"",""dual_mask_private_rank"":0,""dual_mask_s_conflict_enabled"":true,""dual_mask_p_conflict_enabled"":true,""dual_mask_s_protect_enabled"":true,""dual_mask_s_reg_enabled"":true,""dual_mask_p_reg_enabled"":true,""plora_lr_multiplier"":1,""p_step_direction"":""norm"",""task0_margin"":0.1,""task0_rs_weight"":0,""task0_validation_enabled"":false}"
"41da82ed9425-R006","/Users/luxiaogen/Desktop/loda_logs/9-26/9_25_imgr10_p_direction_5090.log","docs/experiments/raw/experiments/2026.09.26_近期实验收敛_DM-B-260926-001/9_25_imgr10_p_direction_5090.log","41da82ed9425cd0cebda075ca705c6066c5f6ad8a78352ffb9312935b44f91de","11020","15793","dc709f8","5090","ImageNet_R","1993","imgr10_t10_conflict_seed1993_5090_20260925_234245_full","T10","10","10","metrics_complete","7ad71a3d2d53142537978ba45092a1cd058c5a0f2346526ed62e2d246fecc2dd","86.99000000000001","82.57","82.16","86.36","5.16","96.37","10847.26","{""init_epoch"":20,""epochs"":20,""init_lr"":0.02,""lrate"":0.02,""ca_epochs"":5,""disable_fused_sdpa"":true,""dual_mask_anchor_reg_weight"":10,""dual_mask_reg_weight"":0.01,""dual_mask_conflict_reg_enabled"":true,""dual_mask_conflict_ratio"":0.1,""dual_mask_conflict_strength"":0.5,""dual_mask_conflict_energy_adaptive"":true,""dual_mask_conflict_old_overlap_adaptive"":true,""dual_mask_conflict_granularity"":""layer"",""dual_mask_conflict_budget_multiplier"":1,""dual_mask_conflict_score_mode"":""conflict"",""dual_mask_private_conflict_mode"":""global"",""dual_mask_private_rank"":0,""dual_mask_s_conflict_enabled"":true,""dual_mask_p_conflict_enabled"":true,""dual_mask_s_protect_enabled"":true,""dual_mask_s_reg_enabled"":true,""dual_mask_p_reg_enabled"":true,""plora_lr_multiplier"":1,""p_step_direction"":""conflict"",""task0_margin"":0.1,""task0_rs_weight"":0,""task0_validation_enabled"":false}"
"736228643cb3-R001","/Users/luxiaogen/Desktop/loda_logs/9-26/9_26_imgr10_old_competition_3090.log","docs/experiments/raw/experiments/2026.09.26_近期实验收敛_DM-B-260926-001/9_26_imgr10_old_competition_3090.log","736228643cb300ec63c28415f94c12720ab80b4a578738259c65ded04aa7d5ce","20","387","78e0bda","3090","ImageNet_R","1993","imgr10_t10_baseline_seed1993_3090_20260926_133042_smoke","smoke","2","2","metrics_complete","04a192825a43247fb1ca616a0bcaefe36c483dffd7fb2325f26a9c19b20e04b4","89.445","87.74","88.39","87.03","2.76","91.15","124.25","{""init_epoch"":1,""epochs"":1,""init_lr"":0.02,""lrate"":0.02,""ca_epochs"":1,""disable_fused_sdpa"":true,""dual_mask_anchor_reg_weight"":5,""dual_mask_reg_weight"":0.01,""dual_mask_conflict_reg_enabled"":true,""dual_mask_conflict_ratio"":0.1,""dual_mask_conflict_strength"":0.5,""dual_mask_conflict_energy_adaptive"":true,""dual_mask_conflict_old_overlap_adaptive"":true,""dual_mask_conflict_granularity"":""layer"",""dual_mask_conflict_budget_multiplier"":1,""dual_mask_conflict_score_mode"":""conflict"",""dual_mask_private_conflict_mode"":""global"",""dual_mask_private_rank"":0,""dual_mask_s_conflict_enabled"":true,""dual_mask_p_conflict_enabled"":true,""dual_mask_s_protect_enabled"":true,""dual_mask_s_reg_enabled"":true,""dual_mask_p_reg_enabled"":true,""plora_lr_multiplier"":1,""p_step_direction"":""off"",""task0_margin"":0.1,""task0_rs_weight"":0,""task0_validation_enabled"":false,""old_competition_weight"":0}"
"736228643cb3-R002","/Users/luxiaogen/Desktop/loda_logs/9-26/9_26_imgr10_old_competition_3090.log","docs/experiments/raw/experiments/2026.09.26_近期实验收敛_DM-B-260926-001/9_26_imgr10_old_competition_3090.log","736228643cb300ec63c28415f94c12720ab80b4a578738259c65ded04aa7d5ce","387","771","78e0bda","3090","ImageNet_R","1993","imgr10_t10_competition_seed1993_3090_20260926_133042_smoke","smoke","2","2","metrics_complete","6a55d4cfcf0e89be05e22be160fe078dd845e561eadfe1bcd5eee2bb6718b591","89.29","87.43","87.37","87.5","3.78","91.15","125.36","{""init_epoch"":1,""epochs"":1,""init_lr"":0.02,""lrate"":0.02,""ca_epochs"":1,""disable_fused_sdpa"":true,""dual_mask_anchor_reg_weight"":5,""dual_mask_reg_weight"":0.01,""dual_mask_conflict_reg_enabled"":true,""dual_mask_conflict_ratio"":0.1,""dual_mask_conflict_strength"":0.5,""dual_mask_conflict_energy_adaptive"":true,""dual_mask_conflict_old_overlap_adaptive"":true,""dual_mask_conflict_granularity"":""layer"",""dual_mask_conflict_budget_multiplier"":1,""dual_mask_conflict_score_mode"":""conflict"",""dual_mask_private_conflict_mode"":""global"",""dual_mask_private_rank"":0,""dual_mask_s_conflict_enabled"":true,""dual_mask_p_conflict_enabled"":true,""dual_mask_s_protect_enabled"":true,""dual_mask_s_reg_enabled"":true,""dual_mask_p_reg_enabled"":true,""plora_lr_multiplier"":1,""p_step_direction"":""off"",""task0_margin"":0.1,""task0_rs_weight"":0,""task0_validation_enabled"":false,""old_competition_weight"":0.1}"
"736228643cb3-R003","/Users/luxiaogen/Desktop/loda_logs/9-26/9_26_imgr10_old_competition_3090.log","docs/experiments/raw/experiments/2026.09.26_近期实验收敛_DM-B-260926-001/9_26_imgr10_old_competition_3090.log","736228643cb300ec63c28415f94c12720ab80b4a578738259c65ded04aa7d5ce","771","2279","78e0bda","3090","ImageNet_R","1993","imgr10_t10_baseline_seed1993_3090_20260926_133454_full","T10","10","10","metrics_complete","428cbf4d8e475a2acc135d0407302d9a7bae38c3b03ddeaad7207b7c11911723","87.082","82.67","82.35","85.66","5.3122","96.37","4825.01","{""init_epoch"":20,""epochs"":20,""init_lr"":0.02,""lrate"":0.02,""ca_epochs"":5,""disable_fused_sdpa"":true,""dual_mask_anchor_reg_weight"":5,""dual_mask_reg_weight"":0.01,""dual_mask_conflict_reg_enabled"":true,""dual_mask_conflict_ratio"":0.1,""dual_mask_conflict_strength"":0.5,""dual_mask_conflict_energy_adaptive"":true,""dual_mask_conflict_old_overlap_adaptive"":true,""dual_mask_conflict_granularity"":""layer"",""dual_mask_conflict_budget_multiplier"":1,""dual_mask_conflict_score_mode"":""conflict"",""dual_mask_private_conflict_mode"":""global"",""dual_mask_private_rank"":0,""dual_mask_s_conflict_enabled"":true,""dual_mask_p_conflict_enabled"":true,""dual_mask_s_protect_enabled"":true,""dual_mask_s_reg_enabled"":true,""dual_mask_p_reg_enabled"":true,""plora_lr_multiplier"":1,""p_step_direction"":""off"",""task0_margin"":0.1,""task0_rs_weight"":0,""task0_validation_enabled"":false,""old_competition_weight"":0}"
"736228643cb3-R004","/Users/luxiaogen/Desktop/loda_logs/9-26/9_26_imgr10_old_competition_3090.log","docs/experiments/raw/experiments/2026.09.26_近期实验收敛_DM-B-260926-001/9_26_imgr10_old_competition_3090.log","736228643cb300ec63c28415f94c12720ab80b4a578738259c65ded04aa7d5ce","2279","3777","78e0bda","3090","ImageNet_R","1993","imgr10_t10_competition_seed1993_3090_20260926_133454_full","T10","10","10","metrics_complete","db4ab4e6d39c0c6e0f3a5d0ce0a08b7fc6d55a7301f60f14f35e0e85c84f95b9","87.036","82.35","81.79","87.56","6.55","96.37","4795.54","{""init_epoch"":20,""epochs"":20,""init_lr"":0.02,""lrate"":0.02,""ca_epochs"":5,""disable_fused_sdpa"":true,""dual_mask_anchor_reg_weight"":5,""dual_mask_reg_weight"":0.01,""dual_mask_conflict_reg_enabled"":true,""dual_mask_conflict_ratio"":0.1,""dual_mask_conflict_strength"":0.5,""dual_mask_conflict_energy_adaptive"":true,""dual_mask_conflict_old_overlap_adaptive"":true,""dual_mask_conflict_granularity"":""layer"",""dual_mask_conflict_budget_multiplier"":1,""dual_mask_conflict_score_mode"":""conflict"",""dual_mask_private_conflict_mode"":""global"",""dual_mask_private_rank"":0,""dual_mask_s_conflict_enabled"":true,""dual_mask_p_conflict_enabled"":true,""dual_mask_s_protect_enabled"":true,""dual_mask_s_reg_enabled"":true,""dual_mask_p_reg_enabled"":true,""plora_lr_multiplier"":1,""p_step_direction"":""off"",""task0_margin"":0.1,""task0_rs_weight"":0,""task0_validation_enabled"":false,""old_competition_weight"":0.1}"
"f6424ab0d599-R001","/Users/luxiaogen/Desktop/loda_logs/9-26/9_26_imgr10_old_competition_5090.log","docs/experiments/raw/experiments/2026.09.26_近期实验收敛_DM-B-260926-001/9_26_imgr10_old_competition_5090.log","f6424ab0d599a07a2b0b8787d96e6d8ad46fa2d4f46d00a32cde48610a0d5c0a","23","390","78e0bda","5090","ImageNet_R","1993","imgr10_t10_baseline_seed1993_5090_20260926_133456_smoke","smoke","2","2","metrics_complete","04a192825a43247fb1ca616a0bcaefe36c483dffd7fb2325f26a9c19b20e04b4","89.375","87.89","88.39","87.34","2.47","90.86","204.73","{""init_epoch"":1,""epochs"":1,""init_lr"":0.02,""lrate"":0.02,""ca_epochs"":1,""disable_fused_sdpa"":true,""dual_mask_anchor_reg_weight"":5,""dual_mask_reg_weight"":0.01,""dual_mask_conflict_reg_enabled"":true,""dual_mask_conflict_ratio"":0.1,""dual_mask_conflict_strength"":0.5,""dual_mask_conflict_energy_adaptive"":true,""dual_mask_conflict_old_overlap_adaptive"":true,""dual_mask_conflict_granularity"":""layer"",""dual_mask_conflict_budget_multiplier"":1,""dual_mask_conflict_score_mode"":""conflict"",""dual_mask_private_conflict_mode"":""global"",""dual_mask_private_rank"":0,""dual_mask_s_conflict_enabled"":true,""dual_mask_p_conflict_enabled"":true,""dual_mask_s_protect_enabled"":true,""dual_mask_s_reg_enabled"":true,""dual_mask_p_reg_enabled"":true,""plora_lr_multiplier"":1,""p_step_direction"":""off"",""task0_margin"":0.1,""task0_rs_weight"":0,""task0_validation_enabled"":false,""old_competition_weight"":0}"
"f6424ab0d599-R002","/Users/luxiaogen/Desktop/loda_logs/9-26/9_26_imgr10_old_competition_5090.log","docs/experiments/raw/experiments/2026.09.26_近期实验收敛_DM-B-260926-001/9_26_imgr10_old_competition_5090.log","f6424ab0d599a07a2b0b8787d96e6d8ad46fa2d4f46d00a32cde48610a0d5c0a","390","777","78e0bda","5090","ImageNet_R","1993","imgr10_t10_competition_seed1993_5090_20260926_133456_smoke","smoke","2","2","metrics_complete","6a55d4cfcf0e89be05e22be160fe078dd845e561eadfe1bcd5eee2bb6718b591","89.33500000000001","87.81","87.81","87.82","3.05","90.86","204.65","{""init_epoch"":1,""epochs"":1,""init_lr"":0.02,""lrate"":0.02,""ca_epochs"":1,""disable_fused_sdpa"":true,""dual_mask_anchor_reg_weight"":5,""dual_mask_reg_weight"":0.01,""dual_mask_conflict_reg_enabled"":true,""dual_mask_conflict_ratio"":0.1,""dual_mask_conflict_strength"":0.5,""dual_mask_conflict_energy_adaptive"":true,""dual_mask_conflict_old_overlap_adaptive"":true,""dual_mask_conflict_granularity"":""layer"",""dual_mask_conflict_budget_multiplier"":1,""dual_mask_conflict_score_mode"":""conflict"",""dual_mask_private_conflict_mode"":""global"",""dual_mask_private_rank"":0,""dual_mask_s_conflict_enabled"":true,""dual_mask_p_conflict_enabled"":true,""dual_mask_s_protect_enabled"":true,""dual_mask_s_reg_enabled"":true,""dual_mask_p_reg_enabled"":true,""plora_lr_multiplier"":1,""p_step_direction"":""off"",""task0_margin"":0.1,""task0_rs_weight"":0,""task0_validation_enabled"":false,""old_competition_weight"":0.1}"
"f6424ab0d599-R003","/Users/luxiaogen/Desktop/loda_logs/9-26/9_26_imgr10_old_competition_5090.log","docs/experiments/raw/experiments/2026.09.26_近期实验收敛_DM-B-260926-001/9_26_imgr10_old_competition_5090.log","f6424ab0d599a07a2b0b8787d96e6d8ad46fa2d4f46d00a32cde48610a0d5c0a","777","2286","78e0bda","5090","ImageNet_R","1993","imgr10_t10_baseline_seed1993_5090_20260926_134150_full","T10","10","10","metrics_complete","428cbf4d8e475a2acc135d0407302d9a7bae38c3b03ddeaad7207b7c11911723","87.08500000000001","82.67","82.24","86.7","5.23","96.81","7205.21","{""init_epoch"":20,""epochs"":20,""init_lr"":0.02,""lrate"":0.02,""ca_epochs"":5,""disable_fused_sdpa"":true,""dual_mask_anchor_reg_weight"":5,""dual_mask_reg_weight"":0.01,""dual_mask_conflict_reg_enabled"":true,""dual_mask_conflict_ratio"":0.1,""dual_mask_conflict_strength"":0.5,""dual_mask_conflict_energy_adaptive"":true,""dual_mask_conflict_old_overlap_adaptive"":true,""dual_mask_conflict_granularity"":""layer"",""dual_mask_conflict_budget_multiplier"":1,""dual_mask_conflict_score_mode"":""conflict"",""dual_mask_private_conflict_mode"":""global"",""dual_mask_private_rank"":0,""dual_mask_s_conflict_enabled"":true,""dual_mask_p_conflict_enabled"":true,""dual_mask_s_protect_enabled"":true,""dual_mask_s_reg_enabled"":true,""dual_mask_p_reg_enabled"":true,""plora_lr_multiplier"":1,""p_step_direction"":""off"",""task0_margin"":0.1,""task0_rs_weight"":0,""task0_validation_enabled"":false,""old_competition_weight"":0}"
"f6424ab0d599-R004","/Users/luxiaogen/Desktop/loda_logs/9-26/9_26_imgr10_old_competition_5090.log","docs/experiments/raw/experiments/2026.09.26_近期实验收敛_DM-B-260926-001/9_26_imgr10_old_competition_5090.log","f6424ab0d599a07a2b0b8787d96e6d8ad46fa2d4f46d00a32cde48610a0d5c0a","2286","3784","78e0bda","5090","ImageNet_R","1993","imgr10_t10_competition_seed1993_5090_20260926_134150_full","T10","10","10","metrics_complete","db4ab4e6d39c0c6e0f3a5d0ce0a08b7fc6d55a7301f60f14f35e0e85c84f95b9","87.037","82.45","81.83","88.26","6.6278","96.81","7429.38","{""init_epoch"":20,""epochs"":20,""init_lr"":0.02,""lrate"":0.02,""ca_epochs"":5,""disable_fused_sdpa"":true,""dual_mask_anchor_reg_weight"":5,""dual_mask_reg_weight"":0.01,""dual_mask_conflict_reg_enabled"":true,""dual_mask_conflict_ratio"":0.1,""dual_mask_conflict_strength"":0.5,""dual_mask_conflict_energy_adaptive"":true,""dual_mask_conflict_old_overlap_adaptive"":true,""dual_mask_conflict_granularity"":""layer"",""dual_mask_conflict_budget_multiplier"":1,""dual_mask_conflict_score_mode"":""conflict"",""dual_mask_private_conflict_mode"":""global"",""dual_mask_private_rank"":0,""dual_mask_s_conflict_enabled"":true,""dual_mask_p_conflict_enabled"":true,""dual_mask_s_protect_enabled"":true,""dual_mask_s_reg_enabled"":true,""dual_mask_p_reg_enabled"":true,""plora_lr_multiplier"":1,""p_step_direction"":""off"",""task0_margin"":0.1,""task0_rs_weight"":0,""task0_validation_enabled"":false,""old_competition_weight"":0.1}"
"4d5873012dab-R001","/Users/luxiaogen/Desktop/loda_logs/9-26/9_26_imgr10_old_reference_3090.log","docs/experiments/raw/experiments/2026.09.26_旧分数停止梯度_DM-B-260926-003/9_26_imgr10_old_reference_3090.log","4d5873012dab296c0b63fdd7819baaff1a272d9e3b92a821c7ecca79a27b99ba","20","388","e78251c","3090","ImageNet_R","1993","imgr10_t10_baseline_seed1993_3090_20260926_181342_smoke","smoke","2","2","metrics_complete","5d3d68f24ef00f99fffea39fcec5166a228352776361ec899c8302a525ce7205","89.33000000000001","87.51","87.95","87.03","3.2","91.15","124.38","{""init_epoch"":1,""epochs"":1,""init_lr"":0.02,""lrate"":0.02,""ca_epochs"":1,""disable_fused_sdpa"":true,""dual_mask_anchor_reg_weight"":5,""dual_mask_reg_weight"":0.01,""dual_mask_conflict_reg_enabled"":true,""dual_mask_conflict_ratio"":0.1,""dual_mask_conflict_strength"":0.5,""dual_mask_conflict_energy_adaptive"":true,""dual_mask_conflict_old_overlap_adaptive"":true,""dual_mask_conflict_granularity"":""layer"",""dual_mask_conflict_budget_multiplier"":1,""dual_mask_conflict_score_mode"":""conflict"",""dual_mask_private_conflict_mode"":""global"",""dual_mask_private_rank"":0,""dual_mask_s_conflict_enabled"":true,""dual_mask_p_conflict_enabled"":true,""dual_mask_s_protect_enabled"":true,""dual_mask_s_reg_enabled"":true,""dual_mask_p_reg_enabled"":true,""plora_lr_multiplier"":1,""p_step_direction"":""off"",""task0_margin"":0.1,""task0_rs_weight"":0,""task0_validation_enabled"":false,""old_competition_weight"":0,""old_competition_detach_old"":true}"
"4d5873012dab-R002","/Users/luxiaogen/Desktop/loda_logs/9-26/9_26_imgr10_old_reference_3090.log","docs/experiments/raw/experiments/2026.09.26_旧分数停止梯度_DM-B-260926-003/9_26_imgr10_old_reference_3090.log","4d5873012dab296c0b63fdd7819baaff1a272d9e3b92a821c7ecca79a27b99ba","388","773","e78251c","3090","ImageNet_R","1993","imgr10_t10_competition_seed1993_3090_20260926_181342_smoke","smoke","2","2","metrics_complete","7ac44e73ff34206795961e2e9849aa32bd6cdcca6cedfd18ed4d32dca9c96428","89.33000000000001","87.51","87.52","87.5","3.63","91.15","123.79","{""init_epoch"":1,""epochs"":1,""init_lr"":0.02,""lrate"":0.02,""ca_epochs"":1,""disable_fused_sdpa"":true,""dual_mask_anchor_reg_weight"":5,""dual_mask_reg_weight"":0.01,""dual_mask_conflict_reg_enabled"":true,""dual_mask_conflict_ratio"":0.1,""dual_mask_conflict_strength"":0.5,""dual_mask_conflict_energy_adaptive"":true,""dual_mask_conflict_old_overlap_adaptive"":true,""dual_mask_conflict_granularity"":""layer"",""dual_mask_conflict_budget_multiplier"":1,""dual_mask_conflict_score_mode"":""conflict"",""dual_mask_private_conflict_mode"":""global"",""dual_mask_private_rank"":0,""dual_mask_s_conflict_enabled"":true,""dual_mask_p_conflict_enabled"":true,""dual_mask_s_protect_enabled"":true,""dual_mask_s_reg_enabled"":true,""dual_mask_p_reg_enabled"":true,""plora_lr_multiplier"":1,""p_step_direction"":""off"",""task0_margin"":0.1,""task0_rs_weight"":0,""task0_validation_enabled"":false,""old_competition_weight"":0.1,""old_competition_detach_old"":true}"
"4d5873012dab-R003","/Users/luxiaogen/Desktop/loda_logs/9-26/9_26_imgr10_old_reference_3090.log","docs/experiments/raw/experiments/2026.09.26_旧分数停止梯度_DM-B-260926-003/9_26_imgr10_old_reference_3090.log","4d5873012dab296c0b63fdd7819baaff1a272d9e3b92a821c7ecca79a27b99ba","773","2272","e78251c","3090","ImageNet_R","1993","imgr10_t10_old_reference_seed1993_3090_20260926_181752_full","T10","10","10","metrics_complete","78aff11e1bedfccb024133ef7ab556bbfe1f29b54cadf63527054286185e9701","86.93900000000001","82.28","81.76","87.22","6.2967","96.37","4827.86","{""init_epoch"":20,""epochs"":20,""init_lr"":0.02,""lrate"":0.02,""ca_epochs"":5,""disable_fused_sdpa"":true,""dual_mask_anchor_reg_weight"":5,""dual_mask_reg_weight"":0.01,""dual_mask_conflict_reg_enabled"":true,""dual_mask_conflict_ratio"":0.1,""dual_mask_conflict_strength"":0.5,""dual_mask_conflict_energy_adaptive"":true,""dual_mask_conflict_old_overlap_adaptive"":true,""dual_mask_conflict_granularity"":""layer"",""dual_mask_conflict_budget_multiplier"":1,""dual_mask_conflict_score_mode"":""conflict"",""dual_mask_private_conflict_mode"":""global"",""dual_mask_private_rank"":0,""dual_mask_s_conflict_enabled"":true,""dual_mask_p_conflict_enabled"":true,""dual_mask_s_protect_enabled"":true,""dual_mask_s_reg_enabled"":true,""dual_mask_p_reg_enabled"":true,""plora_lr_multiplier"":1,""p_step_direction"":""off"",""task0_margin"":0.1,""task0_rs_weight"":0,""task0_validation_enabled"":false,""old_competition_weight"":0.1,""old_competition_detach_old"":true}"
"f34388fe906d-R001","/Users/luxiaogen/Desktop/loda_logs/9-26/9_26_imgr10_old_reference_5090.log","docs/experiments/raw/experiments/2026.09.26_旧分数停止梯度_DM-B-260926-003/9_26_imgr10_old_reference_5090.log","f34388fe906dc0a18cd2778c0eadd0917e0ed66a098aedeb41adb791b5a469f1","23","391","e78251c","5090","ImageNet_R","1993","imgr10_t10_baseline_seed1993_5090_20260926_181402_smoke","smoke","2","2","metrics_complete","5d3d68f24ef00f99fffea39fcec5166a228352776361ec899c8302a525ce7205","89.375","87.89","88.53","87.18","2.33","90.86","177.46","{""init_epoch"":1,""epochs"":1,""init_lr"":0.02,""lrate"":0.02,""ca_epochs"":1,""disable_fused_sdpa"":true,""dual_mask_anchor_reg_weight"":5,""dual_mask_reg_weight"":0.01,""dual_mask_conflict_reg_enabled"":true,""dual_mask_conflict_ratio"":0.1,""dual_mask_conflict_strength"":0.5,""dual_mask_conflict_energy_adaptive"":true,""dual_mask_conflict_old_overlap_adaptive"":true,""dual_mask_conflict_granularity"":""layer"",""dual_mask_conflict_budget_multiplier"":1,""dual_mask_conflict_score_mode"":""conflict"",""dual_mask_private_conflict_mode"":""global"",""dual_mask_private_rank"":0,""dual_mask_s_conflict_enabled"":true,""dual_mask_p_conflict_enabled"":true,""dual_mask_s_protect_enabled"":true,""dual_mask_s_reg_enabled"":true,""dual_mask_p_reg_enabled"":true,""plora_lr_multiplier"":1,""p_step_direction"":""off"",""task0_margin"":0.1,""task0_rs_weight"":0,""task0_validation_enabled"":false,""old_competition_weight"":0,""old_competition_detach_old"":true}"
"f34388fe906d-R002","/Users/luxiaogen/Desktop/loda_logs/9-26/9_26_imgr10_old_reference_5090.log","docs/experiments/raw/experiments/2026.09.26_旧分数停止梯度_DM-B-260926-003/9_26_imgr10_old_reference_5090.log","f34388fe906dc0a18cd2778c0eadd0917e0ed66a098aedeb41adb791b5a469f1","391","779","e78251c","5090","ImageNet_R","1993","imgr10_t10_competition_seed1993_5090_20260926_181402_smoke","smoke","2","2","metrics_complete","7ac44e73ff34206795961e2e9849aa32bd6cdcca6cedfd18ed4d32dca9c96428","89.41","87.96","88.1","87.82","2.76","90.86","184.96","{""init_epoch"":1,""epochs"":1,""init_lr"":0.02,""lrate"":0.02,""ca_epochs"":1,""disable_fused_sdpa"":true,""dual_mask_anchor_reg_weight"":5,""dual_mask_reg_weight"":0.01,""dual_mask_conflict_reg_enabled"":true,""dual_mask_conflict_ratio"":0.1,""dual_mask_conflict_strength"":0.5,""dual_mask_conflict_energy_adaptive"":true,""dual_mask_conflict_old_overlap_adaptive"":true,""dual_mask_conflict_granularity"":""layer"",""dual_mask_conflict_budget_multiplier"":1,""dual_mask_conflict_score_mode"":""conflict"",""dual_mask_private_conflict_mode"":""global"",""dual_mask_private_rank"":0,""dual_mask_s_conflict_enabled"":true,""dual_mask_p_conflict_enabled"":true,""dual_mask_s_protect_enabled"":true,""dual_mask_s_reg_enabled"":true,""dual_mask_p_reg_enabled"":true,""plora_lr_multiplier"":1,""p_step_direction"":""off"",""task0_margin"":0.1,""task0_rs_weight"":0,""task0_validation_enabled"":false,""old_competition_weight"":0.1,""old_competition_detach_old"":true}"
"f34388fe906d-R003","/Users/luxiaogen/Desktop/loda_logs/9-26/9_26_imgr10_old_reference_5090.log","docs/experiments/raw/experiments/2026.09.26_旧分数停止梯度_DM-B-260926-003/9_26_imgr10_old_reference_5090.log","f34388fe906dc0a18cd2778c0eadd0917e0ed66a098aedeb41adb791b5a469f1","779","2279","e78251c","5090","ImageNet_R","1993","imgr10_t10_old_reference_seed1993_5090_20260926_182011_full","T10","10","10","metrics_complete","78aff11e1bedfccb024133ef7ab556bbfe1f29b54cadf63527054286185e9701","86.97099999999999","82.42","81.9","87.22","6.1822","96.81","8353.33","{""init_epoch"":20,""epochs"":20,""init_lr"":0.02,""lrate"":0.02,""ca_epochs"":5,""disable_fused_sdpa"":true,""dual_mask_anchor_reg_weight"":5,""dual_mask_reg_weight"":0.01,""dual_mask_conflict_reg_enabled"":true,""dual_mask_conflict_ratio"":0.1,""dual_mask_conflict_strength"":0.5,""dual_mask_conflict_energy_adaptive"":true,""dual_mask_conflict_old_overlap_adaptive"":true,""dual_mask_conflict_granularity"":""layer"",""dual_mask_conflict_budget_multiplier"":1,""dual_mask_conflict_score_mode"":""conflict"",""dual_mask_private_conflict_mode"":""global"",""dual_mask_private_rank"":0,""dual_mask_s_conflict_enabled"":true,""dual_mask_p_conflict_enabled"":true,""dual_mask_s_protect_enabled"":true,""dual_mask_s_reg_enabled"":true,""dual_mask_p_reg_enabled"":true,""plora_lr_multiplier"":1,""p_step_direction"":""off"",""task0_margin"":0.1,""task0_rs_weight"":0,""task0_validation_enabled"":false,""old_competition_weight"":0.1,""old_competition_detach_old"":true}"
"66b16147841a-R001","/Users/luxiaogen/Desktop/loda_logs/9-26/9_26_imgr10_stage_audit_3090.log","docs/experiments/raw/experiments/2026.09.26_近期实验收敛_DM-B-260926-001/9_26_imgr10_stage_audit_3090.log","66b16147841a5ac82e8ebec99e2cfdce3f6c34a85b62af309d9dcb08f5ab0a56","20","402","32443fc","3090","ImageNet_R","1993","imgr10_t10_anchor10_seed1993_3090_20260926_093301_smoke","smoke","2","2","metrics_complete","cac3de144afbe6c9ef500af610a0f85d7335ac0971426f75015fcc8452570855","89.37","87.59","88.1","87.03","3.05","91.15","125.46","{""init_epoch"":1,""epochs"":1,""init_lr"":0.02,""lrate"":0.02,""ca_epochs"":1,""disable_fused_sdpa"":true,""dual_mask_anchor_reg_weight"":10,""dual_mask_reg_weight"":0.01,""dual_mask_conflict_reg_enabled"":true,""dual_mask_conflict_ratio"":0.1,""dual_mask_conflict_strength"":0.5,""dual_mask_conflict_energy_adaptive"":true,""dual_mask_conflict_old_overlap_adaptive"":true,""dual_mask_conflict_granularity"":""layer"",""dual_mask_conflict_budget_multiplier"":1,""dual_mask_conflict_score_mode"":""conflict"",""dual_mask_private_conflict_mode"":""global"",""dual_mask_private_rank"":0,""dual_mask_s_conflict_enabled"":true,""dual_mask_p_conflict_enabled"":true,""dual_mask_s_protect_enabled"":true,""dual_mask_s_reg_enabled"":true,""dual_mask_p_reg_enabled"":true,""plora_lr_multiplier"":1,""p_step_direction"":""off"",""task0_margin"":0.1,""task0_rs_weight"":0,""task0_validation_enabled"":false}"
"66b16147841a-R002","/Users/luxiaogen/Desktop/loda_logs/9-26/9_26_imgr10_stage_audit_3090.log","docs/experiments/raw/experiments/2026.09.26_近期实验收敛_DM-B-260926-001/9_26_imgr10_stage_audit_3090.log","66b16147841a5ac82e8ebec99e2cfdce3f6c34a85b62af309d9dcb08f5ab0a56","402","1899","32443fc","3090","ImageNet_R","1993","imgr10_t10_anchor10_seed1993_3090_20260926_093508_full","T10","10","10","metrics_complete","2b788f68102b5e10e6887c6ad605ad2b164428d5890a20cc7c1b8440b3276b03","86.99300000000001","82.32","81.98","85.49","5.4733","96.52","4845.08","{""init_epoch"":20,""epochs"":20,""init_lr"":0.02,""lrate"":0.02,""ca_epochs"":5,""disable_fused_sdpa"":true,""dual_mask_anchor_reg_weight"":10,""dual_mask_reg_weight"":0.01,""dual_mask_conflict_reg_enabled"":true,""dual_mask_conflict_ratio"":0.1,""dual_mask_conflict_strength"":0.5,""dual_mask_conflict_energy_adaptive"":true,""dual_mask_conflict_old_overlap_adaptive"":true,""dual_mask_conflict_granularity"":""layer"",""dual_mask_conflict_budget_multiplier"":1,""dual_mask_conflict_score_mode"":""conflict"",""dual_mask_private_conflict_mode"":""global"",""dual_mask_private_rank"":0,""dual_mask_s_conflict_enabled"":true,""dual_mask_p_conflict_enabled"":true,""dual_mask_s_protect_enabled"":true,""dual_mask_s_reg_enabled"":true,""dual_mask_p_reg_enabled"":true,""plora_lr_multiplier"":1,""p_step_direction"":""off"",""task0_margin"":0.1,""task0_rs_weight"":0,""task0_validation_enabled"":false}"
"595c5d5936d5-R001","/Users/luxiaogen/Desktop/loda_logs/9-26/9_26_imgr10_stage_audit_5090.log","docs/experiments/raw/experiments/2026.09.26_近期实验收敛_DM-B-260926-001/9_26_imgr10_stage_audit_5090.log","595c5d5936d596d13b7b7c962522298c4cdf817a505114f0c8a5a7d422df4c05","23","389","32443fc","5090","ImageNet_R","1993","imgr10_t10_anchor10_seed1993_5090_20260926_093306_smoke","smoke","2","2","metrics_complete","cac3de144afbe6c9ef500af610a0f85d7335ac0971426f75015fcc8452570855","89.115","87.66","88.1","87.18","2.47","90.57","129.84","{""init_epoch"":1,""epochs"":1,""init_lr"":0.02,""lrate"":0.02,""ca_epochs"":1,""disable_fused_sdpa"":true,""dual_mask_anchor_reg_weight"":10,""dual_mask_reg_weight"":0.01,""dual_mask_conflict_reg_enabled"":true,""dual_mask_conflict_ratio"":0.1,""dual_mask_conflict_strength"":0.5,""dual_mask_conflict_energy_adaptive"":true,""dual_mask_conflict_old_overlap_adaptive"":true,""dual_mask_conflict_granularity"":""layer"",""dual_mask_conflict_budget_multiplier"":1,""dual_mask_conflict_score_mode"":""conflict"",""dual_mask_private_conflict_mode"":""global"",""dual_mask_private_rank"":0,""dual_mask_s_conflict_enabled"":true,""dual_mask_p_conflict_enabled"":true,""dual_mask_s_protect_enabled"":true,""dual_mask_s_reg_enabled"":true,""dual_mask_p_reg_enabled"":true,""plora_lr_multiplier"":1,""p_step_direction"":""off"",""task0_margin"":0.1,""task0_rs_weight"":0,""task0_validation_enabled"":false}"
"595c5d5936d5-R002","/Users/luxiaogen/Desktop/loda_logs/9-26/9_26_imgr10_stage_audit_5090.log","docs/experiments/raw/experiments/2026.09.26_近期实验收敛_DM-B-260926-001/9_26_imgr10_stage_audit_5090.log","595c5d5936d596d13b7b7c962522298c4cdf817a505114f0c8a5a7d422df4c05","389","774","32443fc","5090","ImageNet_R","1993","imgr10_t10_anchor5_seed1993_5090_20260926_093306_smoke","smoke","2","2","metrics_complete","edf44e761a0bb7191268ceb40ec0007c72dd304914a1689a338281b5a9aaac24","89.375","87.89","88.53","87.18","2.33","90.86","111.47","{""init_epoch"":1,""epochs"":1,""init_lr"":0.02,""lrate"":0.02,""ca_epochs"":1,""disable_fused_sdpa"":true,""dual_mask_anchor_reg_weight"":5,""dual_mask_reg_weight"":0.01,""dual_mask_conflict_reg_enabled"":true,""dual_mask_conflict_ratio"":0.1,""dual_mask_conflict_strength"":0.5,""dual_mask_conflict_energy_adaptive"":true,""dual_mask_conflict_old_overlap_adaptive"":true,""dual_mask_conflict_granularity"":""layer"",""dual_mask_conflict_budget_multiplier"":1,""dual_mask_conflict_score_mode"":""conflict"",""dual_mask_private_conflict_mode"":""global"",""dual_mask_private_rank"":0,""dual_mask_s_conflict_enabled"":true,""dual_mask_p_conflict_enabled"":true,""dual_mask_s_protect_enabled"":true,""dual_mask_s_reg_enabled"":true,""dual_mask_p_reg_enabled"":true,""plora_lr_multiplier"":1,""p_step_direction"":""off"",""task0_margin"":0.1,""task0_rs_weight"":0,""task0_validation_enabled"":false}"
"595c5d5936d5-R003","/Users/luxiaogen/Desktop/loda_logs/9-26/9_26_imgr10_stage_audit_5090.log","docs/experiments/raw/experiments/2026.09.26_近期实验收敛_DM-B-260926-001/9_26_imgr10_stage_audit_5090.log","595c5d5936d596d13b7b7c962522298c4cdf817a505114f0c8a5a7d422df4c05","774","2281","32443fc","5090","ImageNet_R","1993","imgr10_t10_anchor10_seed1993_5090_20260926_093711_full","T10","10","10","metrics_complete","2b788f68102b5e10e6887c6ad605ad2b164428d5890a20cc7c1b8440b3276b03","86.989","82.68","82.25","86.7","5.0456","96.37","3504.57","{""init_epoch"":20,""epochs"":20,""init_lr"":0.02,""lrate"":0.02,""ca_epochs"":5,""disable_fused_sdpa"":true,""dual_mask_anchor_reg_weight"":10,""dual_mask_reg_weight"":0.01,""dual_mask_conflict_reg_enabled"":true,""dual_mask_conflict_ratio"":0.1,""dual_mask_conflict_strength"":0.5,""dual_mask_conflict_energy_adaptive"":true,""dual_mask_conflict_old_overlap_adaptive"":true,""dual_mask_conflict_granularity"":""layer"",""dual_mask_conflict_budget_multiplier"":1,""dual_mask_conflict_score_mode"":""conflict"",""dual_mask_private_conflict_mode"":""global"",""dual_mask_private_rank"":0,""dual_mask_s_conflict_enabled"":true,""dual_mask_p_conflict_enabled"":true,""dual_mask_s_protect_enabled"":true,""dual_mask_s_reg_enabled"":true,""dual_mask_p_reg_enabled"":true,""plora_lr_multiplier"":1,""p_step_direction"":""off"",""task0_margin"":0.1,""task0_rs_weight"":0,""task0_validation_enabled"":false}"
"595c5d5936d5-R004","/Users/luxiaogen/Desktop/loda_logs/9-26/9_26_imgr10_stage_audit_5090.log","docs/experiments/raw/experiments/2026.09.26_近期实验收敛_DM-B-260926-001/9_26_imgr10_stage_audit_5090.log","595c5d5936d596d13b7b7c962522298c4cdf817a505114f0c8a5a7d422df4c05","2281","3778","32443fc","5090","ImageNet_R","1993","imgr10_t10_anchor5_seed1993_5090_20260926_093711_full","T10","10","10","metrics_complete","ee44622be7d5d8d1a481f6f845566fb9a83ac9f4cf68256b5559939a7d74b919","87.122","82.58","82.25","85.66","5.3422","96.81","5951.53","{""init_epoch"":20,""epochs"":20,""init_lr"":0.02,""lrate"":0.02,""ca_epochs"":5,""disable_fused_sdpa"":true,""dual_mask_anchor_reg_weight"":5,""dual_mask_reg_weight"":0.01,""dual_mask_conflict_reg_enabled"":true,""dual_mask_conflict_ratio"":0.1,""dual_mask_conflict_strength"":0.5,""dual_mask_conflict_energy_adaptive"":true,""dual_mask_conflict_old_overlap_adaptive"":true,""dual_mask_conflict_granularity"":""layer"",""dual_mask_conflict_budget_multiplier"":1,""dual_mask_conflict_score_mode"":""conflict"",""dual_mask_private_conflict_mode"":""global"",""dual_mask_private_rank"":0,""dual_mask_s_conflict_enabled"":true,""dual_mask_p_conflict_enabled"":true,""dual_mask_s_protect_enabled"":true,""dual_mask_s_reg_enabled"":true,""dual_mask_p_reg_enabled"":true,""plora_lr_multiplier"":1,""p_step_direction"":""off"",""task0_margin"":0.1,""task0_rs_weight"":0,""task0_validation_enabled"":false}"
"b86dfb737590-R001","/Users/luxiaogen/Desktop/loda_logs/9-24/task0/9_24_imgr10_task0_batch_repro_3090.log","docs/experiments/raw/experiments/2026.09.26_实验查重_DM-B-260926-006/b86dfb7375_9_24_imgr10_task0_batch_repro_3090.log","b86dfb737590112ac71b10e9d427b9fb0fb2acbc9b7886acdad43310a0d9bd48","19","313","6c60fe5","3090","ImageNet_R","1993","imgr10_task0_batch_repeat1_seed1993_20260924_151525","Task0_only","1","1","metrics_complete","0164488e02854853668337eabc61600f28055e7d5114ed8ca751d6b3193e5906","91.29","91.29","0","91.29","","91.29","54.25","{""init_epoch"":1,""epochs"":20,""init_lr"":0.02,""lrate"":0.02,""ca_epochs"":5,""dual_mask_anchor_reg_weight"":10,""dual_mask_reg_weight"":0.01,""dual_mask_conflict_reg_enabled"":true,""dual_mask_conflict_ratio"":0.1,""dual_mask_conflict_strength"":0.5,""dual_mask_conflict_energy_adaptive"":true,""dual_mask_conflict_old_overlap_adaptive"":true,""dual_mask_conflict_granularity"":""layer"",""dual_mask_private_conflict_mode"":""global""}"
"b86dfb737590-R002","/Users/luxiaogen/Desktop/loda_logs/9-24/task0/9_24_imgr10_task0_batch_repro_3090.log","docs/experiments/raw/experiments/2026.09.26_实验查重_DM-B-260926-006/b86dfb7375_9_24_imgr10_task0_batch_repro_3090.log","b86dfb737590112ac71b10e9d427b9fb0fb2acbc9b7886acdad43310a0d9bd48","313","596","6c60fe5","3090","ImageNet_R","1993","imgr10_task0_batch_repeat2_seed1993_20260924_151525","Task0_only","1","1","metrics_complete","0164488e02854853668337eabc61600f28055e7d5114ed8ca751d6b3193e5906","91.15","91.15","0","91.15","","91.15","53.73","{""init_epoch"":1,""epochs"":20,""init_lr"":0.02,""lrate"":0.02,""ca_epochs"":5,""dual_mask_anchor_reg_weight"":10,""dual_mask_reg_weight"":0.01,""dual_mask_conflict_reg_enabled"":true,""dual_mask_conflict_ratio"":0.1,""dual_mask_conflict_strength"":0.5,""dual_mask_conflict_energy_adaptive"":true,""dual_mask_conflict_old_overlap_adaptive"":true,""dual_mask_conflict_granularity"":""layer"",""dual_mask_private_conflict_mode"":""global""}"
"ec654897f162-R001","/Users/luxiaogen/Desktop/loda_logs/9-24/task0/9_24_imgr10_task0_holdout_tuning_3090.log","docs/experiments/raw/experiments/2026.09.24_Task0训练_DM-B-260924-001/9_24_imgr10_task0_holdout_tuning_3090.log","ec654897f1626766e2c424b23ed2abcffcac79b36fc720b4d6f1ea77ac715d5b","16","268","","3090","ImageNet_R","1993","imgr10_task0_base_e20_lr002_seed1993","Task0_only","1","1","metrics_complete","919c43dc6e7c53c44fee03cee24219215ce6e8d903432dd34d180bb3bf22513b","96.52","96.52","0","96.52","","96.52","342.31","{""init_epoch"":20,""epochs"":20,""init_lr"":0.02,""lrate"":0.02,""ca_epochs"":5,""disable_fused_sdpa"":true,""dual_mask_anchor_reg_weight"":10,""dual_mask_reg_weight"":0.01,""dual_mask_conflict_reg_enabled"":true,""dual_mask_conflict_ratio"":0.1,""dual_mask_conflict_strength"":0.5,""dual_mask_conflict_energy_adaptive"":true,""dual_mask_conflict_old_overlap_adaptive"":true,""dual_mask_conflict_granularity"":""layer"",""dual_mask_private_conflict_mode"":""global"",""task0_validation_enabled"":true}"
"ec654897f162-R002","/Users/luxiaogen/Desktop/loda_logs/9-24/task0/9_24_imgr10_task0_holdout_tuning_3090.log","docs/experiments/raw/experiments/2026.09.24_Task0训练_DM-B-260924-001/9_24_imgr10_task0_holdout_tuning_3090.log","ec654897f1626766e2c424b23ed2abcffcac79b36fc720b4d6f1ea77ac715d5b","268","529","","3090","ImageNet_R","1993","imgr10_task0_e30_lr002_seed1993","Task0_only","1","1","metrics_complete","8a102bee4698f69727829a8e6c05522b9b29887700d378237247beca0682ecb9","96.81","96.81","0","96.81","","96.81","488.06","{""init_epoch"":30,""epochs"":20,""init_lr"":0.02,""lrate"":0.02,""ca_epochs"":5,""disable_fused_sdpa"":true,""dual_mask_anchor_reg_weight"":10,""dual_mask_reg_weight"":0.01,""dual_mask_conflict_reg_enabled"":true,""dual_mask_conflict_ratio"":0.1,""dual_mask_conflict_strength"":0.5,""dual_mask_conflict_energy_adaptive"":true,""dual_mask_conflict_old_overlap_adaptive"":true,""dual_mask_conflict_granularity"":""layer"",""dual_mask_private_conflict_mode"":""global"",""task0_validation_enabled"":true}"
"ec654897f162-R003","/Users/luxiaogen/Desktop/loda_logs/9-24/task0/9_24_imgr10_task0_holdout_tuning_3090.log","docs/experiments/raw/experiments/2026.09.24_Task0训练_DM-B-260924-001/9_24_imgr10_task0_holdout_tuning_3090.log","ec654897f1626766e2c424b23ed2abcffcac79b36fc720b4d6f1ea77ac715d5b","529","770","","3090","ImageNet_R","1993","imgr10_task0_e20_lr001_seed1993","Task0_only","1","1","metrics_complete","9a84936e12a3cde934da8a1c281c729dfab1cb254d95e6c7ae09e082dd83c52a","96.23","96.23","0","96.23","","96.23","336.33","{""init_epoch"":20,""epochs"":20,""init_lr"":0.01,""lrate"":0.02,""ca_epochs"":5,""disable_fused_sdpa"":true,""dual_mask_anchor_reg_weight"":10,""dual_mask_reg_weight"":0.01,""dual_mask_conflict_reg_enabled"":true,""dual_mask_conflict_ratio"":0.1,""dual_mask_conflict_strength"":0.5,""dual_mask_conflict_energy_adaptive"":true,""dual_mask_conflict_old_overlap_adaptive"":true,""dual_mask_conflict_granularity"":""layer"",""dual_mask_private_conflict_mode"":""global"",""task0_validation_enabled"":true}"
"4d89c26ef246-R001","/Users/luxiaogen/Desktop/loda_logs/9-24/task0/9_24_imgr10_task0_math_sdpa_full_repro_3090.log","docs/experiments/raw/experiments/2026.09.26_实验查重_DM-B-260926-006/4d89c26ef2_9_24_imgr10_task0_math_sdpa_full_repro_3090.log","4d89c26ef24696d6f3edb3c9258143f76e7a0622faa723cd35f2ec4da12aab50","19","293","43fd89a","3090","ImageNet_R","1993","imgr10_task0_math_sdpa_full_repeat1_seed1993_20260924_160939","Task0_only","1","1","metrics_complete","81eee6f10c7c7bf818e525f5d8b3c988ec8cda222c120f9492a983d8d4c08679","96.52","96.52","0","96.52","","96.52","371.18","{""init_epoch"":20,""epochs"":20,""init_lr"":0.02,""lrate"":0.02,""ca_epochs"":5,""disable_fused_sdpa"":true,""dual_mask_anchor_reg_weight"":10,""dual_mask_reg_weight"":0.01,""dual_mask_conflict_reg_enabled"":true,""dual_mask_conflict_ratio"":0.1,""dual_mask_conflict_strength"":0.5,""dual_mask_conflict_energy_adaptive"":true,""dual_mask_conflict_old_overlap_adaptive"":true,""dual_mask_conflict_granularity"":""layer"",""dual_mask_private_conflict_mode"":""global""}"
"4d89c26ef246-R002","/Users/luxiaogen/Desktop/loda_logs/9-24/task0/9_24_imgr10_task0_math_sdpa_full_repro_3090.log","docs/experiments/raw/experiments/2026.09.26_实验查重_DM-B-260926-006/4d89c26ef2_9_24_imgr10_task0_math_sdpa_full_repro_3090.log","4d89c26ef24696d6f3edb3c9258143f76e7a0622faa723cd35f2ec4da12aab50","293","567","43fd89a","3090","ImageNet_R","1993","imgr10_task0_math_sdpa_full_repeat2_seed1993_20260924_160939","Task0_only","1","1","metrics_complete","81eee6f10c7c7bf818e525f5d8b3c988ec8cda222c120f9492a983d8d4c08679","96.52","96.52","0","96.52","","96.52","363.88","{""init_epoch"":20,""epochs"":20,""init_lr"":0.02,""lrate"":0.02,""ca_epochs"":5,""disable_fused_sdpa"":true,""dual_mask_anchor_reg_weight"":10,""dual_mask_reg_weight"":0.01,""dual_mask_conflict_reg_enabled"":true,""dual_mask_conflict_ratio"":0.1,""dual_mask_conflict_strength"":0.5,""dual_mask_conflict_energy_adaptive"":true,""dual_mask_conflict_old_overlap_adaptive"":true,""dual_mask_conflict_granularity"":""layer"",""dual_mask_private_conflict_mode"":""global""}"
"4d89c26ef246-R003","/Users/luxiaogen/Desktop/loda_logs/9-24/task0/9_24_imgr10_task0_math_sdpa_full_repro_3090.log","docs/experiments/raw/experiments/2026.09.26_实验查重_DM-B-260926-006/4d89c26ef2_9_24_imgr10_task0_math_sdpa_full_repro_3090.log","4d89c26ef24696d6f3edb3c9258143f76e7a0622faa723cd35f2ec4da12aab50","567","830","43fd89a","3090","ImageNet_R","1993","imgr10_task0_math_sdpa_full_repeat3_seed1993_20260924_160939","Task0_only","1","1","metrics_complete","81eee6f10c7c7bf818e525f5d8b3c988ec8cda222c120f9492a983d8d4c08679","96.52","96.52","0","96.52","","96.52","364.19","{""init_epoch"":20,""epochs"":20,""init_lr"":0.02,""lrate"":0.02,""ca_epochs"":5,""disable_fused_sdpa"":true,""dual_mask_anchor_reg_weight"":10,""dual_mask_reg_weight"":0.01,""dual_mask_conflict_reg_enabled"":true,""dual_mask_conflict_ratio"":0.1,""dual_mask_conflict_strength"":0.5,""dual_mask_conflict_energy_adaptive"":true,""dual_mask_conflict_old_overlap_adaptive"":true,""dual_mask_conflict_granularity"":""layer"",""dual_mask_private_conflict_mode"":""global""}"
"c741a54c5b08-R001","/Users/luxiaogen/Desktop/loda_logs/9-24/task0/9_24_imgr10_task0_math_sdpa_repro_3090.log","docs/experiments/raw/experiments/2026.09.26_实验查重_DM-B-260926-006/c741a54c5b_9_24_imgr10_task0_math_sdpa_repro_3090.log","c741a54c5b084d5db37e91bc65bce06cad29e8a5bb8c9da9174e6525ea366558","19","314","3e64d28","3090","ImageNet_R","1993","imgr10_task0_math_sdpa_repeat1_seed1993_20260924_154540","Task0_only","1","1","metrics_complete","e2ed0f134b3e783c862f9358f0424615e4a7156fa2aab90fbe3ba06e3c8df4b8","91.15","91.15","0","91.15","","91.15","55.73","{""init_epoch"":1,""epochs"":20,""init_lr"":0.02,""lrate"":0.02,""ca_epochs"":5,""disable_fused_sdpa"":true,""dual_mask_anchor_reg_weight"":10,""dual_mask_reg_weight"":0.01,""dual_mask_conflict_reg_enabled"":true,""dual_mask_conflict_ratio"":0.1,""dual_mask_conflict_strength"":0.5,""dual_mask_conflict_energy_adaptive"":true,""dual_mask_conflict_old_overlap_adaptive"":true,""dual_mask_conflict_granularity"":""layer"",""dual_mask_private_conflict_mode"":""global""}"
"c741a54c5b08-R002","/Users/luxiaogen/Desktop/loda_logs/9-24/task0/9_24_imgr10_task0_math_sdpa_repro_3090.log","docs/experiments/raw/experiments/2026.09.26_实验查重_DM-B-260926-006/c741a54c5b_9_24_imgr10_task0_math_sdpa_repro_3090.log","c741a54c5b084d5db37e91bc65bce06cad29e8a5bb8c9da9174e6525ea366558","314","599","3e64d28","3090","ImageNet_R","1993","imgr10_task0_math_sdpa_repeat2_seed1993_20260924_154540","Task0_only","1","1","metrics_complete","e2ed0f134b3e783c862f9358f0424615e4a7156fa2aab90fbe3ba06e3c8df4b8","91.15","91.15","0","91.15","","91.15","55.41","{""init_epoch"":1,""epochs"":20,""init_lr"":0.02,""lrate"":0.02,""ca_epochs"":5,""disable_fused_sdpa"":true,""dual_mask_anchor_reg_weight"":10,""dual_mask_reg_weight"":0.01,""dual_mask_conflict_reg_enabled"":true,""dual_mask_conflict_ratio"":0.1,""dual_mask_conflict_strength"":0.5,""dual_mask_conflict_energy_adaptive"":true,""dual_mask_conflict_old_overlap_adaptive"":true,""dual_mask_conflict_granularity"":""layer"",""dual_mask_private_conflict_mode"":""global""}"
"2baed687d5f5-R001","/Users/luxiaogen/Desktop/loda_logs/9-24/task0/9_24_imgr10_task0_repro_3090.log","docs/experiments/raw/experiments/2026.09.26_实验查重_DM-B-260926-006/2baed687d5_9_24_imgr10_task0_repro_3090.log","2baed687d5f5a1a16404f80d13da716a7ab824142f48e3b4f88d277108aa592f","19","292","be76400","3090","ImageNet_R","1993","imgr10_task0_repeat1_seed1993_20260924_144327","Task0_only","1","1","metrics_complete","a6b5daa6ed25804c0fabf4b43f0e64fa950fae15ecde8815c25a6f395b281b02","96.66","96.66","0","96.66","","96.66","418.61","{""init_epoch"":20,""epochs"":20,""init_lr"":0.02,""lrate"":0.02,""ca_epochs"":5,""dual_mask_anchor_reg_weight"":10,""dual_mask_reg_weight"":0.01,""dual_mask_conflict_reg_enabled"":true,""dual_mask_conflict_ratio"":0.1,""dual_mask_conflict_strength"":0.5,""dual_mask_conflict_energy_adaptive"":true,""dual_mask_conflict_old_overlap_adaptive"":true,""dual_mask_conflict_granularity"":""layer"",""dual_mask_private_conflict_mode"":""global""}"
"2baed687d5f5-R002","/Users/luxiaogen/Desktop/loda_logs/9-24/task0/9_24_imgr10_task0_repro_3090.log","docs/experiments/raw/experiments/2026.09.26_实验查重_DM-B-260926-006/2baed687d5_9_24_imgr10_task0_repro_3090.log","2baed687d5f5a1a16404f80d13da716a7ab824142f48e3b4f88d277108aa592f","292","565","be76400","3090","ImageNet_R","1993","imgr10_task0_repeat2_seed1993_20260924_144327","Task0_only","1","1","metrics_complete","a6b5daa6ed25804c0fabf4b43f0e64fa950fae15ecde8815c25a6f395b281b02","96.66","96.66","0","96.66","","96.66","384.92","{""init_epoch"":20,""epochs"":20,""init_lr"":0.02,""lrate"":0.02,""ca_epochs"":5,""dual_mask_anchor_reg_weight"":10,""dual_mask_reg_weight"":0.01,""dual_mask_conflict_reg_enabled"":true,""dual_mask_conflict_ratio"":0.1,""dual_mask_conflict_strength"":0.5,""dual_mask_conflict_energy_adaptive"":true,""dual_mask_conflict_old_overlap_adaptive"":true,""dual_mask_conflict_granularity"":""layer"",""dual_mask_private_conflict_mode"":""global""}"
"2baed687d5f5-R003","/Users/luxiaogen/Desktop/loda_logs/9-24/task0/9_24_imgr10_task0_repro_3090.log","docs/experiments/raw/experiments/2026.09.26_实验查重_DM-B-260926-006/2baed687d5_9_24_imgr10_task0_repro_3090.log","2baed687d5f5a1a16404f80d13da716a7ab824142f48e3b4f88d277108aa592f","565","826","be76400","3090","ImageNet_R","1993","imgr10_task0_repeat3_seed1993_20260924_144327","Task0_only","1","1","metrics_complete","a6b5daa6ed25804c0fabf4b43f0e64fa950fae15ecde8815c25a6f395b281b02","96.37","96.37","0","96.37","","96.37","386.27","{""init_epoch"":20,""epochs"":20,""init_lr"":0.02,""lrate"":0.02,""ca_epochs"":5,""dual_mask_anchor_reg_weight"":10,""dual_mask_reg_weight"":0.01,""dual_mask_conflict_reg_enabled"":true,""dual_mask_conflict_ratio"":0.1,""dual_mask_conflict_strength"":0.5,""dual_mask_conflict_energy_adaptive"":true,""dual_mask_conflict_old_overlap_adaptive"":true,""dual_mask_conflict_granularity"":""layer"",""dual_mask_private_conflict_mode"":""global""}"
"fc45a3646eb9-R001","docs/experiments/raw/experiments/2026.08.15_Task0锚定_DM-B-260815-001/8_14_2_run_suppress_anchor_task0_energy50.log","docs/experiments/raw/experiments/2026.08.15_Task0锚定_DM-B-260815-001/8_14_2_run_suppress_anchor_task0_energy50.log","fc45a3646eb9e61a1d5acaec9ed0616cf8775602cd9c4fdc61db6ee5445ef643","17","1230","","","CUB","1993","cub10_suppress_anchor_task0_w10_energy50_seed1993","T10","10","10","metrics_complete","258ef6081ae5addd7a266791232270b99cbc00e7812e50f3a2c76cfec61cfcab","93.711","89.86","90.04","88.26","4.9889","98.38","1893.96","{""init_epoch"":20,""epochs"":20,""init_lr"":0.005,""lrate"":0.005,""ca_epochs"":10,""dual_mask_anchor_reg_weight"":10,""dual_mask_reg_weight"":0.01,""dual_mask_conflict_reg_enabled"":false,""dual_mask_conflict_ratio"":0.1,""dual_mask_conflict_strength"":0.5,""dual_mask_conflict_energy_adaptive"":true,""dual_mask_conflict_old_overlap_adaptive"":true,""dual_mask_private_conflict_mode"":""global""}"
"fc45a3646eb9-R002","docs/experiments/raw/experiments/2026.08.15_Task0锚定_DM-B-260815-001/8_14_2_run_suppress_anchor_task0_energy50.log","docs/experiments/raw/experiments/2026.08.15_Task0锚定_DM-B-260815-001/8_14_2_run_suppress_anchor_task0_energy50.log","fc45a3646eb9e61a1d5acaec9ed0616cf8775602cd9c4fdc61db6ee5445ef643","1230","2444","","","CUB","1996","cub10_suppress_anchor_task0_w10_energy50_seed1996","T10","10","10","metrics_complete","7fa4842b1a65f0c554da177ac7ba230a15f9d9523c83714635a350c22e915289","94.53999999999999","89.99","90.55","85.06","4.6067","100","1897.42","{""init_epoch"":20,""epochs"":20,""init_lr"":0.005,""lrate"":0.005,""ca_epochs"":10,""dual_mask_anchor_reg_weight"":10,""dual_mask_reg_weight"":0.01,""dual_mask_conflict_reg_enabled"":false,""dual_mask_conflict_ratio"":0.1,""dual_mask_conflict_strength"":0.5,""dual_mask_conflict_energy_adaptive"":true,""dual_mask_conflict_old_overlap_adaptive"":true,""dual_mask_private_conflict_mode"":""global""}"
"fc45a3646eb9-R003","docs/experiments/raw/experiments/2026.08.15_Task0锚定_DM-B-260815-001/8_14_2_run_suppress_anchor_task0_energy50.log","docs/experiments/raw/experiments/2026.08.15_Task0锚定_DM-B-260815-001/8_14_2_run_suppress_anchor_task0_energy50.log","fc45a3646eb9e61a1d5acaec9ed0616cf8775602cd9c4fdc61db6ee5445ef643","2444","3658","","","CUB","1997","cub10_suppress_anchor_task0_w10_energy50_seed1997","T10","10","10","metrics_complete","52321940623ff924f5e0342d41d24d48ad1fb32429d0d92945d9e2d9329f134b","93.60799999999999","90.25","90.85","84.87","3.5156","96.55","1896.05","{""init_epoch"":20,""epochs"":20,""init_lr"":0.005,""lrate"":0.005,""ca_epochs"":10,""dual_mask_anchor_reg_weight"":10,""dual_mask_reg_weight"":0.01,""dual_mask_conflict_reg_enabled"":false,""dual_mask_conflict_ratio"":0.1,""dual_mask_conflict_strength"":0.5,""dual_mask_conflict_energy_adaptive"":true,""dual_mask_conflict_old_overlap_adaptive"":true,""dual_mask_private_conflict_mode"":""global""}"
"fc45a3646eb9-R004","docs/experiments/raw/experiments/2026.08.15_Task0锚定_DM-B-260815-001/8_14_2_run_suppress_anchor_task0_energy50.log","docs/experiments/raw/experiments/2026.08.15_Task0锚定_DM-B-260815-001/8_14_2_run_suppress_anchor_task0_energy50.log","fc45a3646eb9e61a1d5acaec9ed0616cf8775602cd9c4fdc61db6ee5445ef643","3658","4826","","","ImageNet_R","1993","imgr10_suppress_anchor_task0_w10_energy50_seed1993","T10","10","10","metrics_complete","bfa371fb51eb28775d735e232ec75f2c5f317d3fea0d1136f33f2c93287abf6e","86.985","82.42","81.92","87.05","5.7111","96.81","4522.47","{""init_epoch"":20,""epochs"":20,""init_lr"":0.02,""lrate"":0.02,""dual_mask_anchor_reg_weight"":10,""dual_mask_reg_weight"":0.01,""dual_mask_conflict_reg_enabled"":false,""dual_mask_conflict_ratio"":0.1,""dual_mask_conflict_strength"":0.5,""dual_mask_conflict_energy_adaptive"":true,""dual_mask_conflict_old_overlap_adaptive"":true,""dual_mask_private_conflict_mode"":""global""}"
"fc45a3646eb9-R005","docs/experiments/raw/experiments/2026.08.15_Task0锚定_DM-B-260815-001/8_14_2_run_suppress_anchor_task0_energy50.log","docs/experiments/raw/experiments/2026.08.15_Task0锚定_DM-B-260815-001/8_14_2_run_suppress_anchor_task0_energy50.log","fc45a3646eb9e61a1d5acaec9ed0616cf8775602cd9c4fdc61db6ee5445ef643","4826","5994","","","ImageNet_R","1996","imgr10_suppress_anchor_task0_w10_energy50_seed1996","T10","10","10","metrics_complete","b021cdf650580d257b9789bfac1221640b88104460f26e287b98799cde7dac83","86.46099999999998","82.05","81.49","87.01","7.1844","94.7","4536.34","{""init_epoch"":20,""epochs"":20,""init_lr"":0.02,""lrate"":0.02,""dual_mask_anchor_reg_weight"":10,""dual_mask_reg_weight"":0.01,""dual_mask_conflict_reg_enabled"":false,""dual_mask_conflict_ratio"":0.1,""dual_mask_conflict_strength"":0.5,""dual_mask_conflict_energy_adaptive"":true,""dual_mask_conflict_old_overlap_adaptive"":true,""dual_mask_private_conflict_mode"":""global""}"
"fc45a3646eb9-R006","docs/experiments/raw/experiments/2026.08.15_Task0锚定_DM-B-260815-001/8_14_2_run_suppress_anchor_task0_energy50.log","docs/experiments/raw/experiments/2026.08.15_Task0锚定_DM-B-260815-001/8_14_2_run_suppress_anchor_task0_energy50.log","fc45a3646eb9e61a1d5acaec9ed0616cf8775602cd9c4fdc61db6ee5445ef643","5994","7161","","","ImageNet_R","1997","imgr10_suppress_anchor_task0_w10_energy50_seed1997","T10","10","10","metrics_complete","053f86c47931f55e87ff62325c6087adef640379f237615f2905b1b812ea00e5","86.456","82.27","81.39","90.31","6.9256","95.51","4544.07","{""init_epoch"":20,""epochs"":20,""init_lr"":0.02,""lrate"":0.02,""dual_mask_anchor_reg_weight"":10,""dual_mask_reg_weight"":0.01,""dual_mask_conflict_reg_enabled"":false,""dual_mask_conflict_ratio"":0.1,""dual_mask_conflict_strength"":0.5,""dual_mask_conflict_energy_adaptive"":true,""dual_mask_conflict_old_overlap_adaptive"":true,""dual_mask_private_conflict_mode"":""global""}"
"fc45a3646eb9-R007","docs/experiments/raw/experiments/2026.08.15_Task0锚定_DM-B-260815-001/8_14_2_run_suppress_anchor_task0_energy50.log","docs/experiments/raw/experiments/2026.08.15_Task0锚定_DM-B-260815-001/8_14_2_run_suppress_anchor_task0_energy50.log","fc45a3646eb9e61a1d5acaec9ed0616cf8775602cd9c4fdc61db6ee5445ef643","7161","8376","","","ImageNet_A","1993","imga10_suppress_anchor_task0_w10_energy50_seed1993","T10","10","10","metrics_complete","166153de884af08c5adcf7b797805cd5949ab291aacdcd7866083e942e167e50","74.631","65.04","64.3","73.39","12.1367","88","1274.69","{""init_epoch"":20,""epochs"":20,""init_lr"":0.01,""lrate"":0.01,""ca_epochs"":10,""dual_mask_anchor_reg_weight"":10,""dual_mask_reg_weight"":0.01,""dual_mask_conflict_reg_enabled"":false,""dual_mask_conflict_ratio"":0.1,""dual_mask_conflict_strength"":0.5,""dual_mask_conflict_energy_adaptive"":true,""dual_mask_conflict_old_overlap_adaptive"":true,""dual_mask_private_conflict_mode"":""global""}"
"fc45a3646eb9-R008","docs/experiments/raw/experiments/2026.08.15_Task0锚定_DM-B-260815-001/8_14_2_run_suppress_anchor_task0_energy50.log","docs/experiments/raw/experiments/2026.08.15_Task0锚定_DM-B-260815-001/8_14_2_run_suppress_anchor_task0_energy50.log","fc45a3646eb9e61a1d5acaec9ed0616cf8775602cd9c4fdc61db6ee5445ef643","8376","9590","","","ImageNet_A","1996","imga10_suppress_anchor_task0_w10_energy50_seed1996","T10","10","10","metrics_complete","4a701f02675e8ef40a46e11045110004afe8bea1acbc6f17406af778344dd0eb","72.91799999999999","66.62","64.97","77.18","11.7289","86.34","1274.29","{""init_epoch"":20,""epochs"":20,""init_lr"":0.01,""lrate"":0.01,""ca_epochs"":10,""dual_mask_anchor_reg_weight"":10,""dual_mask_reg_weight"":0.01,""dual_mask_conflict_reg_enabled"":false,""dual_mask_conflict_ratio"":0.1,""dual_mask_conflict_strength"":0.5,""dual_mask_conflict_energy_adaptive"":true,""dual_mask_conflict_old_overlap_adaptive"":true,""dual_mask_private_conflict_mode"":""global""}"
"fc45a3646eb9-R009","docs/experiments/raw/experiments/2026.08.15_Task0锚定_DM-B-260815-001/8_14_2_run_suppress_anchor_task0_energy50.log","docs/experiments/raw/experiments/2026.08.15_Task0锚定_DM-B-260815-001/8_14_2_run_suppress_anchor_task0_energy50.log","fc45a3646eb9e61a1d5acaec9ed0616cf8775602cd9c4fdc61db6ee5445ef643","9590","10792","","","ImageNet_A","1997","imga10_suppress_anchor_task0_w10_energy50_seed1997","T10","10","10","metrics_complete","f81b3c1a4d2be2f83fd49939564a2623851a50d6d4d38865dfdc73041acf9a62","72.577","65.31","63.65","76.68","12.0911","85.4","1284.45","{""init_epoch"":20,""epochs"":20,""init_lr"":0.01,""lrate"":0.01,""ca_epochs"":10,""dual_mask_anchor_reg_weight"":10,""dual_mask_reg_weight"":0.01,""dual_mask_conflict_reg_enabled"":false,""dual_mask_conflict_ratio"":0.1,""dual_mask_conflict_strength"":0.5,""dual_mask_conflict_energy_adaptive"":true,""dual_mask_conflict_old_overlap_adaptive"":true,""dual_mask_private_conflict_mode"":""global""}"
"64ee6af1a7b9-R001","docs/experiments/raw/experiments/2026.08.15_Task0锚定_DM-B-260815-001/8_14_3_run_anchor_task0_energy50_val_imgr.log","docs/experiments/raw/experiments/2026.08.15_Task0锚定_DM-B-260815-001/8_14_3_run_anchor_task0_energy50_val_imgr.log","64ee6af1a7b91f032a2aa146b7f791ce558667a9cd76d6e59894712e186d06f9","17","1186","","","ImageNet_R","1993","imgr10_energy50_anchor_off_seed1993","T10","10","10","metrics_complete","ef899a3eda378ea7a4dfc2e622375f56fec38b7ecbdc67f6c9418f4d5b77debf","87.08500000000001","82.47","82.14","85.49","5.4444","96.52","4534.51","{""init_epoch"":20,""epochs"":20,""init_lr"":0.02,""lrate"":0.02,""dual_mask_anchor_reg_weight"":10,""dual_mask_reg_weight"":0.01,""dual_mask_conflict_reg_enabled"":false,""dual_mask_conflict_ratio"":0.1,""dual_mask_conflict_strength"":0.5,""dual_mask_conflict_energy_adaptive"":true,""dual_mask_conflict_old_overlap_adaptive"":true,""dual_mask_private_conflict_mode"":""global""}"
"64ee6af1a7b9-R002","docs/experiments/raw/experiments/2026.08.15_Task0锚定_DM-B-260815-001/8_14_3_run_anchor_task0_energy50_val_imgr.log","docs/experiments/raw/experiments/2026.08.15_Task0锚定_DM-B-260815-001/8_14_3_run_anchor_task0_energy50_val_imgr.log","64ee6af1a7b91f032a2aa146b7f791ce558667a9cd76d6e59894712e186d06f9","1186","2340","","","ImageNet_R","1993","imgr10_fixed_top10_anchor_w10_seed1993","T10","10","10","metrics_complete","117fd8bb2d494639829f6d1432d95d88fd8a7d6f38b642611bd3018ca90b600f","87.095","82.52","82.07","86.7","6.0567","96.52","4342.27","{""init_epoch"":20,""epochs"":20,""init_lr"":0.02,""lrate"":0.02,""dual_mask_anchor_reg_weight"":10,""dual_mask_reg_weight"":0.01,""dual_mask_conflict_reg_enabled"":false,""dual_mask_conflict_ratio"":0.1,""dual_mask_conflict_strength"":0.5,""dual_mask_conflict_energy_adaptive"":false,""dual_mask_conflict_old_overlap_adaptive"":true,""dual_mask_private_conflict_mode"":""global""}"
"ffcadaa47490-R001","/Users/luxiaogen/.codex/attachments/092acfcb-8a35-4139-8142-4b4b39a9520c/已粘贴的文本.txt","docs/experiments/raw/experiments/2026.09.26_实验查重_DM-B-260926-006/ffcadaa474_已粘贴的文本.txt","ffcadaa47490e89a76629d9897334c00b24b6fc94ae36e945b0c987ebe2a7b52","20","398","13b0bf8","","ImageNet_R","1993","imgr10_t10_gaussian_seed1993_3090_20260926_211311_smoke","smoke","2","2","metrics_complete","b0c8057211e893ac871dd9407f7b58e164429ee9d1c9b398e4dc946b577e2971","89.405","87.66","88.24","87.03","2.91","91.15","123.68","{""init_epoch"":1,""epochs"":1,""init_lr"":0.02,""lrate"":0.02,""ca_epochs"":1,""disable_fused_sdpa"":true,""dual_mask_anchor_reg_weight"":5,""dual_mask_reg_weight"":0.01,""dual_mask_conflict_reg_enabled"":true,""dual_mask_conflict_ratio"":0.1,""dual_mask_conflict_strength"":0.5,""dual_mask_conflict_energy_adaptive"":true,""dual_mask_conflict_old_overlap_adaptive"":true,""dual_mask_conflict_granularity"":""layer"",""dual_mask_conflict_budget_multiplier"":1,""dual_mask_conflict_score_mode"":""conflict"",""dual_mask_private_conflict_mode"":""global"",""dual_mask_private_rank"":0,""dual_mask_s_conflict_enabled"":true,""dual_mask_p_conflict_enabled"":true,""dual_mask_s_protect_enabled"":true,""dual_mask_s_reg_enabled"":true,""dual_mask_p_reg_enabled"":true,""plora_lr_multiplier"":1,""p_step_direction"":""off"",""task0_margin"":0.1,""task0_rs_weight"":0,""task0_validation_enabled"":false,""old_competition_weight"":0,""old_competition_detach_old"":false,""ca_real_new_features"":false}"
"ffcadaa47490-R002","/Users/luxiaogen/.codex/attachments/092acfcb-8a35-4139-8142-4b4b39a9520c/已粘贴的文本.txt","docs/experiments/raw/experiments/2026.09.26_实验查重_DM-B-260926-006/ffcadaa474_已粘贴的文本.txt","ffcadaa47490e89a76629d9897334c00b24b6fc94ae36e945b0c987ebe2a7b52","398","779","13b0bf8","","ImageNet_R","1993","imgr10_t10_real_new_seed1993_3090_20260926_211311_smoke","smoke","2","2","metrics_complete;section_error_review","5be7738db3677fda5d73bea3a6dd61fbfcaeefbc598cca3cefef9667b671ebd9","89.405","87.66","87.81","87.5","3.34","91.15","125.99","{""init_epoch"":1,""epochs"":1,""init_lr"":0.02,""lrate"":0.02,""ca_epochs"":1,""disable_fused_sdpa"":true,""dual_mask_anchor_reg_weight"":5,""dual_mask_reg_weight"":0.01,""dual_mask_conflict_reg_enabled"":true,""dual_mask_conflict_ratio"":0.1,""dual_mask_conflict_strength"":0.5,""dual_mask_conflict_energy_adaptive"":true,""dual_mask_conflict_old_overlap_adaptive"":true,""dual_mask_conflict_granularity"":""layer"",""dual_mask_conflict_budget_multiplier"":1,""dual_mask_conflict_score_mode"":""conflict"",""dual_mask_private_conflict_mode"":""global"",""dual_mask_private_rank"":0,""dual_mask_s_conflict_enabled"":true,""dual_mask_p_conflict_enabled"":true,""dual_mask_s_protect_enabled"":true,""dual_mask_s_reg_enabled"":true,""dual_mask_p_reg_enabled"":true,""plora_lr_multiplier"":1,""p_step_direction"":""off"",""task0_margin"":0.1,""task0_rs_weight"":0,""task0_validation_enabled"":false,""old_competition_weight"":0,""old_competition_detach_old"":false,""ca_real_new_features"":true}"
